City_ID,City,Coounty,Date,Lat,Lng,Max Temp,Humidity,Cloudiness,Wind Speed
0,mount gambier,AU,2022-07-04 04:11:08,-37.8333,140.7667,58.75,64,81,8.86
1,bajil,YE,2022-07-04 04:11:08,15.0584,43.2851,85.51,67,51,7.09
2,busselton,AU,2022-07-04 04:11:09,-33.65,115.3333,62.58,56,0,22.39
3,carnarvon,AU,2022-07-04 04:11:09,-24.8667,113.6333,67.84,27,0,16.8
4,belaya kholunitsa,RU,2022-07-04 04:11:10,58.84,50.8528,56.35,63,83,8.77
5,rikitea,PF,2022-07-04 04:11:10,-23.1203,-134.9692,75.22,71,1,14.81
6,saint-philippe,RE,2022-07-04 04:11:11,-21.3585,55.7679,69.39,71,72,15.23
7,new norfolk,AU,2022-07-04 04:11:11,-42.7826,147.0587,58.5,74,77,4.0
8,esperance,AU,2022-07-04 04:08:40,-33.8667,121.9,59.77,48,0,15.08
9,east london,ZA,2022-07-04 04:11:12,-33.0153,27.9116,61.97,84,100,5.3
10,kumbo,CM,2022-07-04 04:11:12,6.2,10.6667,58.12,94,100,0.63
11,sorland,NO,2022-07-04 04:11:12,67.667,12.6934,55.26,86,100,11.27
12,cherskiy,RU,2022-07-04 04:11:13,68.75,161.3,61.79,52,90,2.59
13,mataura,NZ,2022-07-04 04:11:13,-46.1927,168.8643,54.48,66,2,6.91
14,punta arenas,CL,2022-07-04 04:11:14,-53.15,-70.9167,32.11,86,75,6.91
15,upernavik,GL,2022-07-04 04:11:14,72.7868,-56.1549,36.97,86,40,12.06
16,kiama,AU,2022-07-04 04:11:14,-34.6833,150.8667,62.01,95,100,5.01
17,dikson,RU,2022-07-04 04:11:15,73.5069,80.5464,32.7,97,100,5.59
18,provideniya,RU,2022-07-04 04:11:15,64.3833,-173.3,46.51,93,100,11.01
19,albany,US,2022-07-04 04:09:01,42.6001,-73.9662,61.34,75,2,5.32
20,fortuna,US,2022-07-04 04:11:16,40.5982,-124.1573,57.09,88,100,0.36
21,tabas,IR,2022-07-04 04:11:17,33.5959,56.9244,90.64,25,9,4.38
22,tomatlan,MX,2022-07-04 04:11:17,19.9333,-105.25,76.77,88,62,1.61
23,tuatapere,NZ,2022-07-04 04:11:18,-46.1333,167.6833,51.21,72,42,5.66
24,mustasaari,FI,2022-07-04 04:10:55,63.1142,21.6822,62.89,82,0,4.61
25,tuktoyaktuk,CA,2022-07-04 04:11:19,69.4541,-133.0374,63.39,49,10,7.87
26,georgetown,MY,2022-07-04 04:06:36,5.4112,100.3354,89.89,60,20,6.91
27,calvinia,ZA,2022-07-04 04:11:20,-31.4707,19.776,40.87,80,0,5.44
28,khargone,IN,2022-07-04 04:11:21,21.8167,75.6,79.9,80,100,8.19
29,goderich,CA,2022-07-04 04:11:21,43.7501,-81.7165,62.91,72,1,7.27
30,san cristobal,VE,2022-07-04 04:11:22,7.7669,-72.225,75.38,98,80,4.0
31,luderitz,NA,2022-07-04 04:11:22,-26.6481,15.1594,55.26,75,0,7.25
32,kavaratti,IN,2022-07-04 04:11:22,10.5669,72.642,81.99,79,100,19.71
33,kushiro,JP,2022-07-04 04:11:23,42.975,144.3747,70.16,91,100,7.72
34,hithadhoo,MV,2022-07-04 04:11:23,-0.6,73.0833,83.05,74,100,7.72
35,ola,RU,2022-07-04 04:11:24,59.5833,151.2833,77.14,67,100,2.19
36,vaini,TO,2022-07-04 04:11:25,-21.2,-175.2,73.56,88,75,8.05
37,victoria,HK,2022-07-04 04:08:38,22.2855,114.1577,84.96,86,100,21.0
38,yuanping,CN,2022-07-04 04:11:25,38.7153,112.7575,85.15,52,17,5.21
39,ushuaia,AR,2022-07-04 04:10:50,-54.8,-68.3,33.46,80,40,3.44
40,arraial do cabo,BR,2022-07-04 04:11:26,-22.9661,-42.0278,70.02,87,0,21.61
41,ak-dovurak,RU,2022-07-04 04:11:27,51.1833,90.6,67.08,43,1,1.7
42,andenes,NO,2022-07-04 04:11:27,69.3143,16.1194,58.98,72,40,10.36
43,atuona,PF,2022-07-04 04:11:28,-9.8,-139.0333,77.68,73,7,22.39
44,mahibadhoo,MV,2022-07-04 04:11:29,3.7833,72.9667,83.03,75,100,13.42
45,sivas,TR,2022-07-04 04:11:29,39.7916,37.0019,50.63,71,0,3.44
46,rexburg,US,2022-07-04 04:11:29,43.826,-111.7897,73.38,56,0,0.0
47,ballina,AU,2022-07-04 04:11:30,-28.8667,153.5667,59.02,75,100,2.35
48,mar del plata,AR,2022-07-04 04:09:11,-38.0023,-57.5575,47.08,62,100,1.99
49,bethel,US,2022-07-04 04:08:34,41.3712,-73.414,71.96,75,0,5.75
50,chokurdakh,RU,2022-07-04 04:11:31,70.6333,147.9167,59.29,75,100,11.21
51,inta,RU,2022-07-04 04:11:31,66.0317,60.1659,55.78,58,94,4.12
52,aras,ES,2022-07-04 04:11:32,42.5617,-2.356,59.41,77,100,8.05
53,husavik,IS,2022-07-04 04:11:32,66.0449,-17.3389,40.96,94,100,18.63
54,katsuura,JP,2022-07-04 04:09:20,35.1333,140.3,80.62,79,100,18.7
55,darlowo,PL,2022-07-04 04:11:33,54.421,16.4107,61.86,80,88,6.2
56,severo-kurilsk,RU,2022-07-04 04:11:34,50.6789,156.125,52.43,86,60,8.3
57,northam,GB,2022-07-04 04:11:34,51.0333,-4.2167,56.25,88,87,8.57
58,butaritari,KI,2022-07-04 04:11:35,3.0707,172.7902,81.01,78,100,19.57
59,nizwa,OM,2022-07-04 04:11:35,22.9333,57.5333,90.64,44,100,1.59
60,leshukonskoye,RU,2022-07-04 04:11:36,64.8989,45.7622,66.02,44,35,3.76
61,iqaluit,CA,2022-07-04 04:11:36,63.7506,-68.5145,45.7,75,100,8.01
62,norman wells,CA,2022-07-04 04:11:37,65.282,-126.8329,80.02,33,10,14.07
63,hilo,US,2022-07-04 04:11:37,19.7297,-155.09,81.28,84,20,4.61
64,tomakomai,JP,2022-07-04 04:11:38,42.6369,141.6033,83.17,69,75,17.27
65,hobart,AU,2022-07-04 04:08:47,-42.8794,147.3294,58.86,65,75,9.22
66,puerto penasco,MX,2022-07-04 04:11:38,31.3167,-113.5333,84.9,81,44,14.0
67,kodiak,US,2022-07-04 04:11:29,57.79,-152.4072,54.91,94,100,6.91
68,kenai,US,2022-07-04 04:11:39,60.5544,-151.2583,63.03,81,0,13.8
69,leningradskiy,RU,2022-07-04 04:11:39,69.3833,178.4167,49.15,69,88,7.56
70,cape town,ZA,2022-07-04 04:06:52,-33.9258,18.4232,57.38,88,4,4.0
71,ostrovnoy,RU,2022-07-04 04:11:40,68.0531,39.5131,66.52,67,86,15.12
72,vostok,RU,2022-07-04 04:11:41,46.4856,135.8833,72.81,82,100,1.7
73,nemuro,JP,2022-07-04 04:11:41,43.3236,145.575,59.83,96,95,8.12
74,kaitangata,NZ,2022-07-04 04:11:42,-46.2817,169.8464,51.8,59,0,10.69
75,namibe,AO,2022-07-04 04:11:42,-15.1961,12.1522,63.52,75,0,9.06
76,narsaq,GL,2022-07-04 04:11:43,60.9167,-46.05,50.22,84,100,2.53
77,kapaa,US,2022-07-04 04:11:43,22.0752,-159.319,82.38,78,100,17.27
78,moree,AU,2022-07-04 04:11:44,-29.4667,149.85,51.82,76,100,6.91
79,natal,BR,2022-07-04 04:11:44,-5.795,-35.2094,72.25,100,100,4.61
80,bonfim,BR,2022-07-04 04:11:44,3.0833,-59.95,78.26,76,98,3.78
81,san policarpo,PH,2022-07-04 04:11:45,12.1791,125.5072,85.12,61,93,3.18
82,puerto ayora,EC,2022-07-04 04:11:45,-0.7393,-90.3518,69.55,92,59,6.49
83,hermanus,ZA,2022-07-04 04:11:46,-34.4187,19.2345,52.09,80,3,6.93
84,lukh,RU,2022-07-04 04:11:46,57.0124,42.2584,63.23,74,9,4.16
85,hasaki,JP,2022-07-04 04:11:47,35.7333,140.8333,86.29,75,100,10.87
86,barrow,US,2022-07-04 04:11:47,71.2906,-156.7887,42.82,81,20,10.36
87,sitka,US,2022-07-04 04:11:48,57.0531,-135.33,64.29,72,0,10.36
88,acarau,BR,2022-07-04 04:11:49,-2.8856,-40.12,77.18,78,78,14.58
89,college,US,2022-07-04 04:11:49,64.8569,-147.8028,74.59,53,75,12.66
90,imbituba,BR,2022-07-04 04:11:50,-28.24,-48.6703,67.86,99,75,2.51
91,thompson,CA,2022-07-04 04:11:50,55.7435,-97.8558,51.96,95,39,4.59
92,klaksvik,FO,2022-07-04 04:11:51,62.2266,-6.589,47.32,82,99,19.91
93,tasiilaq,GL,2022-07-04 04:11:51,65.6145,-37.6368,35.58,84,45,3.44
94,vila franca do campo,PT,2022-07-04 04:11:52,37.7167,-25.4333,67.19,72,61,7.72
95,somova,RO,2022-07-04 04:11:52,45.1833,28.6667,70.25,46,75,2.3
96,bluff,NZ,2022-07-04 04:11:53,-46.6,168.3333,54.81,68,40,23.33
97,ndele,CF,2022-07-04 04:11:53,8.4109,20.6473,70.57,85,98,2.98
98,yellowknife,CA,2022-07-04 04:11:54,62.456,-114.3525,62.56,45,34,3.96
99,jamestown,US,2022-07-04 04:09:04,42.097,-79.2353,62.24,74,0,3.44
100,alta floresta,BR,2022-07-04 04:11:55,-9.8756,-56.0861,73.8,62,48,3.15
101,saint-pierre,RE,2022-07-04 04:11:55,-21.3393,55.4781,70.92,72,20,17.27
102,port lincoln,AU,2022-07-04 04:11:56,-34.7333,135.8667,57.99,59,87,10.67
103,avarua,CK,2022-07-04 04:11:56,-21.2078,-159.775,77.05,65,21,3.44
104,ahome,MX,2022-07-04 04:11:57,25.9167,-109.1833,83.16,73,4,2.98
105,agadez,NE,2022-07-04 04:11:57,19.75,10.25,83.41,12,0,7.87
106,alyangula,AU,2022-07-04 04:11:58,-13.8483,136.4192,71.38,58,17,19.95
107,bredasdorp,ZA,2022-07-04 04:11:58,-34.5322,20.0403,45.7,88,0,4.72
108,esso,RU,2022-07-04 04:11:59,55.9333,158.7,57.49,69,94,7.99
109,vila,PT,2022-07-04 04:12:00,42.0304,-8.1588,55.71,91,41,4.25
110,bardiyah,LY,2022-07-04 04:12:00,31.7561,25.0865,75.49,84,0,8.52
111,clyde river,CA,2022-07-04 04:12:00,70.4692,-68.5914,41.72,75,10,4.47
112,ribeira grande,PT,2022-07-04 04:12:01,38.5167,-28.7,65.28,70,63,5.93
113,zemio,CF,2022-07-04 04:12:02,5.0314,25.1361,64.47,95,53,0.72
114,port-cartier,CA,2022-07-04 04:12:02,50.0334,-66.8654,54.75,77,5,12.57
115,karnobat,BG,2022-07-04 04:12:03,42.65,26.9833,58.84,45,1,1.61
116,inhambane,MZ,2022-07-04 04:10:17,-23.865,35.3833,65.14,87,0,4.14
117,inyonga,TZ,2022-07-04 04:12:03,-6.7167,32.0667,52.52,70,0,4.61
118,araguaina,BR,2022-07-04 04:09:59,-7.1911,-48.2072,74.07,50,31,4.81
119,eyl,SO,2022-07-04 04:12:04,7.9803,49.8164,79.36,53,17,32.93
120,port elizabeth,ZA,2022-07-04 04:12:02,-33.918,25.5701,49.1,82,21,3.11
121,khatanga,RU,2022-07-04 04:12:05,71.9667,102.5,46.11,70,99,16.58
122,kahului,US,2022-07-04 04:12:05,20.8947,-156.47,82.42,71,0,26.46
123,broken hill,AU,2022-07-04 04:12:06,-31.95,141.4333,53.47,44,4,17.54
124,gavle,SE,2022-07-04 04:12:06,60.6745,17.1417,63.37,82,81,1.01
125,bathsheba,BB,2022-07-04 04:12:07,13.2167,-59.5167,81.21,87,20,19.57
126,port hedland,AU,2022-07-04 04:12:07,-20.3167,118.5667,71.65,16,25,19.57
127,qaanaaq,GL,2022-07-04 04:12:08,77.484,-69.3632,37.35,100,100,3.33
128,port hardy,CA,2022-07-04 04:12:08,50.6996,-127.4199,56.7,96,100,6.13
129,bubaque,GW,2022-07-04 04:12:09,11.2833,-15.8333,78.98,79,96,5.53
130,thinadhoo,MV,2022-07-04 04:12:09,0.5333,72.9333,82.9,75,99,8.23
131,puerto escondido,MX,2022-07-04 04:12:10,15.85,-97.0667,76.03,78,100,9.22
132,sobolevo,RU,2022-07-04 04:12:10,54.4299,31.8996,67.55,85,85,3.38
133,umm lajj,SA,2022-07-04 04:12:11,25.0213,37.2685,84.74,48,9,4.29
134,bosaso,SO,2022-07-04 04:12:11,11.2842,49.1816,87.26,42,7,25.37
135,mancio lima,BR,2022-07-04 04:12:12,-7.6142,-72.8958,72.39,85,47,1.36
136,lavrentiya,RU,2022-07-04 04:12:12,65.5833,-171.0,47.7,92,100,4.25
137,lichinga,MZ,2022-07-04 04:12:13,-13.3128,35.2406,49.8,93,0,7.63
138,tarnos,FR,2022-07-04 04:12:14,43.5417,-1.4628,64.71,77,100,4.61
139,maceio,BR,2022-07-04 04:12:14,-9.6658,-35.7353,72.84,94,75,4.61
140,bataipora,BR,2022-07-04 04:12:15,-22.2953,-53.2711,67.87,51,0,6.73
141,coquimbo,CL,2022-07-04 04:12:15,-29.9533,-71.3436,49.73,76,0,5.75
142,wagar,SD,2022-07-04 04:12:15,16.1525,36.2032,76.66,68,94,24.87
143,strezhevoy,RU,2022-07-04 04:12:16,60.7333,77.5889,59.04,61,99,5.64
144,lake charles,US,2022-07-04 04:12:16,30.2131,-93.2044,82.98,92,0,5.75
145,kokopo,PG,2022-07-04 04:12:17,-4.352,152.2633,86.59,60,70,9.6
146,salina,US,2022-07-04 04:10:35,38.8403,-97.6114,80.73,74,0,16.11
147,udachnyy,RU,2022-07-04 04:12:18,66.4167,112.4,64.45,63,44,38.25
148,pyapon,MM,2022-07-04 04:12:18,16.2833,95.6833,84.61,77,95,9.6
149,muros,ES,2022-07-04 04:12:19,42.7762,-9.0603,65.08,77,35,12.41
150,colares,PT,2022-07-04 04:12:19,38.7992,-9.4469,66.33,77,83,10.0
151,lata,PT,2022-07-04 04:12:20,40.1629,-8.3327,63.07,95,0,1.28
152,cabo san lucas,MX,2022-07-04 04:10:11,22.8909,-109.9124,85.51,59,3,3.0
153,puerto suarez,BO,2022-07-04 04:12:21,-18.95,-57.8,71.19,51,42,3.4
154,dicabisagan,PH,2022-07-04 04:12:21,17.0818,122.4157,83.52,77,100,4.56
155,laguna,US,2022-07-04 04:12:22,38.421,-121.4238,69.15,63,0,10.36
156,arlit,NE,2022-07-04 04:12:22,18.7369,7.3853,86.0,10,0,4.81
157,xichang,CN,2022-07-04 04:12:23,27.8964,102.2634,80.24,64,34,2.66
158,kemin,KG,2022-07-04 04:12:23,42.7846,75.6892,86.11,30,2,3.62
159,fethiye,TR,2022-07-04 04:12:24,36.6217,29.1164,71.47,32,0,7.02
160,srednekolymsk,RU,2022-07-04 04:12:24,67.45,153.6833,68.56,33,65,5.08
161,ovruch,UA,2022-07-04 04:12:25,51.3246,28.8035,63.7,71,61,3.89
162,longyearbyen,SJ,2022-07-04 04:12:25,78.2186,15.6401,48.04,71,75,14.97
163,pevek,RU,2022-07-04 04:12:26,69.7008,170.3133,35.87,93,100,7.27
164,hinton,CA,2022-07-04 04:12:26,53.4001,-117.5857,53.06,84,99,5.48
165,sulina,RO,2022-07-04 04:12:27,45.1559,29.6536,71.91,51,0,1.66
166,geraldton,AU,2022-07-04 04:12:27,-28.7667,114.6,66.61,27,0,26.46
167,yumen,CN,2022-07-04 04:12:28,40.2833,97.2,82.9,10,27,14.97
168,itarema,BR,2022-07-04 04:10:48,-2.9248,-39.9167,76.37,79,77,12.75
169,boa esperanca,BR,2022-07-04 04:12:29,-21.09,-45.5658,56.84,62,0,3.87
170,qeshm,IR,2022-07-04 04:12:29,26.9581,56.2719,93.07,79,92,15.37
171,venado tuerto,AR,2022-07-04 04:12:30,-33.7456,-61.9688,48.76,40,100,6.85
172,salalah,OM,2022-07-04 04:09:27,17.0151,54.0924,82.49,89,100,8.05
173,roald,NO,2022-07-04 04:12:30,62.5833,6.1333,58.91,82,75,0.0
174,champerico,GT,2022-07-04 04:12:31,14.3,-91.9167,80.73,81,100,12.82
175,djibo,BF,2022-07-04 04:12:31,14.1022,-1.6306,84.74,56,38,14.09
176,energetik,RU,2022-07-04 04:12:32,51.7445,58.7934,63.88,62,100,15.12
177,gawler,AU,2022-07-04 04:12:32,-34.6,138.7333,61.48,62,0,12.75
178,noumea,NC,2022-07-04 04:12:33,-22.2763,166.4572,82.38,99,80,11.48
179,along,IN,2022-07-04 04:12:33,28.1667,94.7667,90.66,60,39,2.04
180,krasnoselkup,RU,2022-07-04 04:12:34,65.7,82.4667,58.93,49,48,20.18
181,mahebourg,MU,2022-07-04 04:12:35,-20.4081,57.7,70.25,68,72,19.17
182,chipinge,ZW,2022-07-04 04:12:35,-20.1883,32.6236,51.4,89,0,2.89
183,vardo,NO,2022-07-04 04:12:36,70.3705,31.1107,51.78,93,100,2.3
184,hamilton,US,2022-07-04 04:12:08,39.1834,-84.5333,74.98,75,0,1.01
185,carutapera,BR,2022-07-04 04:12:37,-1.195,-46.02,75.09,90,25,6.49
186,port alfred,ZA,2022-07-04 04:12:37,-33.5906,26.891,57.18,85,100,3.53
187,avera,US,2022-07-04 04:12:38,33.194,-82.5271,77.05,74,92,5.53
188,ponta do sol,PT,2022-07-04 04:12:38,32.6667,-17.1,69.01,70,10,4.07
189,punta ocote,HN,2022-07-04 04:12:39,15.2,-87.2833,68.99,92,90,1.36
190,torbay,CA,2022-07-04 04:12:39,47.6666,-52.7314,62.76,95,100,9.86
191,korla,CN,2022-07-04 04:12:40,41.7597,86.1469,87.35,19,10,7.56
192,roma,US,2022-07-04 04:10:26,43.2128,-75.4557,60.66,83,0,0.0
193,cidreira,BR,2022-07-04 04:12:40,-30.1811,-50.2056,62.76,97,99,12.86
194,kavieng,PG,2022-07-04 04:12:41,-2.5744,150.7967,85.46,68,63,15.43
195,san quintin,MX,2022-07-04 04:12:41,30.4833,-115.95,63.86,83,12,17.25
196,pacific grove,US,2022-07-04 04:07:47,36.6177,-121.9166,62.2,82,20,3.0
197,mildura,AU,2022-07-04 04:12:42,-34.2,142.15,56.79,47,0,14.81
198,komsomolskiy,UZ,2022-07-04 04:12:43,40.4272,71.7189,90.32,23,1,4.61
199,kichmengskiy gorodok,RU,2022-07-04 04:12:43,59.9816,45.7854,62.11,66,34,5.03
200,nirmal,IN,2022-07-04 04:12:44,19.1,78.35,73.44,95,100,11.54
201,flin flon,CA,2022-07-04 04:12:44,54.7682,-101.865,58.05,60,45,1.23
202,puerto leguizamo,CO,2022-07-04 04:12:45,-0.1934,-74.7819,71.17,99,99,1.92
203,broome,US,2022-07-04 04:12:45,42.2506,-75.833,59.02,87,0,1.01
204,sheopur,IN,2022-07-04 04:12:46,25.6667,76.7,87.98,64,100,9.1
205,souillac,MU,2022-07-04 04:12:46,-20.5167,57.5167,69.87,68,70,17.34
206,viedma,AR,2022-07-04 04:12:47,-40.8135,-62.9967,41.36,41,60,10.56
207,ust-maya,RU,2022-07-04 04:12:47,60.4167,134.5333,90.41,31,52,4.16
208,gat,IL,2022-07-04 04:12:02,31.61,34.7642,79.39,69,0,1.03
209,puerto quijarro,BO,2022-07-04 04:12:48,-17.7833,-57.7667,72.16,49,99,3.04
210,bilma,NE,2022-07-04 04:12:48,18.6853,12.9164,84.02,12,0,10.36
211,tiszaszentimre,HU,2022-07-04 04:12:49,47.4833,20.7333,69.89,49,1,3.98
212,dunedin,NZ,2022-07-04 04:12:50,-45.8742,170.5036,50.81,65,0,4.0
213,castro,BR,2022-07-04 04:12:50,-24.7911,-50.0119,55.96,81,0,3.36
214,fayaoue,NC,2022-07-04 04:12:50,-20.65,166.5333,76.41,71,100,15.05
215,san patricio,US,2022-07-04 04:12:51,28.017,-97.5169,84.88,74,0,13.51
216,manavalakurichi,IN,2022-07-04 04:12:51,8.1333,77.3,83.39,64,100,20.67
217,lompoc,US,2022-07-04 04:12:52,34.6391,-120.4579,59.14,93,40,5.99
218,smoky lake,CA,2022-07-04 04:12:53,54.1169,-112.4686,59.59,65,87,2.06
219,ilulissat,GL,2022-07-04 04:12:53,69.2167,-51.1,46.42,66,100,2.3
220,tura,IN,2022-07-04 04:12:54,25.5198,90.2201,84.61,69,26,6.02
221,changchun,CN,2022-07-04 04:12:54,43.88,125.3228,82.35,68,98,9.86
222,los llanos de aridane,ES,2022-07-04 04:12:55,28.6585,-17.9182,65.95,86,75,11.5
223,ambon,ID,2022-07-04 04:12:55,-3.6954,128.1814,78.94,94,40,6.91
224,marsh harbour,BS,2022-07-04 04:12:56,26.5412,-77.0636,81.32,75,47,14.09
225,acapulco,MX,2022-07-04 04:12:56,16.8634,-99.8901,82.22,89,100,4.61
226,baruun-urt,MN,2022-07-04 04:12:57,46.6806,113.2792,77.43,54,85,6.96
227,divnomorskoye,RU,2022-07-04 04:12:57,44.5011,38.1353,68.41,57,0,1.9
228,dalhousie,IN,2022-07-04 04:12:58,32.5333,75.9833,69.84,77,57,4.7
229,obernai,FR,2022-07-04 04:12:58,48.4631,7.481,66.15,68,0,5.75
230,severodvinsk,RU,2022-07-04 04:12:59,64.5635,39.8302,71.11,61,6,6.53
231,neuquen,AR,2022-07-04 04:12:59,-38.9516,-68.0591,35.49,75,0,6.91
232,jizan,SA,2022-07-04 04:13:00,17.3333,42.6667,90.36,43,89,3.0
233,ribeira brava,PT,2022-07-04 04:13:00,32.65,-17.0667,69.01,73,10,4.25
234,kruisfontein,ZA,2022-07-04 04:13:01,-34.0033,24.7314,46.89,87,0,3.22
235,kaeo,NZ,2022-07-04 04:13:01,-35.1,173.7833,57.33,84,100,3.11
236,rocha,UY,2022-07-04 04:12:26,-34.4833,-54.3333,48.31,85,100,5.88
237,morgan city,US,2022-07-04 04:13:02,29.6994,-91.2068,80.01,85,100,5.79
238,belle fourche,US,2022-07-04 04:13:02,44.6714,-103.8522,72.5,71,50,4.27
239,mangai,CD,2022-07-04 04:13:03,-4.05,19.5333,68.4,61,0,1.52
240,pecica,RO,2022-07-04 04:13:03,46.1667,21.0667,72.05,78,0,4.61
241,asau,RO,2022-07-04 04:13:04,46.4333,26.4,72.95,93,0,2.68
242,nizhniy tsasuchey,RU,2022-07-04 04:13:04,50.5167,115.1333,85.15,44,100,7.4
243,henties bay,NA,2022-07-04 04:13:05,-22.116,14.2845,54.97,89,0,1.59
244,isla mujeres,MX,2022-07-04 04:13:05,21.2311,-86.731,82.45,80,6,10.47
245,biloela,AU,2022-07-04 04:13:06,-24.4167,150.5,49.37,92,100,5.21
246,atar,MR,2022-07-04 04:13:06,20.5169,-13.0499,90.1,28,4,2.59
247,alice springs,AU,2022-07-04 04:13:07,-23.7,133.8833,53.15,40,0,10.36
248,byron bay,AU,2022-07-04 04:13:07,-28.65,153.6167,58.95,66,100,5.41
249,mehamn,NO,2022-07-04 04:13:08,71.0357,27.8492,53.55,87,20,4.61
250,hofn,IS,2022-07-04 04:13:08,64.2539,-15.2082,47.61,72,100,16.71
251,zorritos,PE,2022-07-04 04:13:08,-3.6805,-80.6782,68.54,79,10,6.78
252,panguna,PG,2022-07-04 04:13:09,-6.3164,155.4848,80.96,62,49,4.32
253,san rafael,AR,2022-07-04 04:09:35,-34.6177,-68.3301,45.41,32,43,6.13
254,south river,US,2022-07-04 04:10:10,40.4465,-74.386,78.69,54,1,1.01
255,ancona,IT,2022-07-04 04:13:10,43.55,13.1667,73.6,60,1,5.99
256,chechat,IN,2022-07-04 04:08:17,24.7667,75.8833,81.52,79,100,11.79
257,espanola,US,2022-07-04 04:13:11,35.9911,-106.0806,70.65,67,93,7.18
258,saskylakh,RU,2022-07-04 04:13:11,71.9167,114.0833,55.31,57,100,19.86
259,maturin,VE,2022-07-04 04:13:12,9.75,-63.1767,72.19,98,99,4.79
260,shimoda,JP,2022-07-04 04:13:12,34.6667,138.95,80.1,92,100,12.82
261,guerrero negro,MX,2022-07-04 04:13:12,27.9769,-114.0611,66.38,81,43,19.22
262,bambous virieux,MU,2022-07-04 04:13:13,-20.3428,57.7575,70.21,68,80,19.08
263,skara,SE,2022-07-04 04:13:13,58.3866,13.4384,57.74,94,100,3.0
264,christchurch,NZ,2022-07-04 04:10:46,-43.5333,172.6333,53.8,68,4,12.66
265,faanui,PF,2022-07-04 04:13:14,-16.4833,-151.75,78.76,72,19,14.41
266,anshun,CN,2022-07-04 04:13:15,26.25,105.9333,79.75,63,15,3.47
267,massaguet,TD,2022-07-04 04:13:15,12.4755,15.4365,83.1,59,62,10.31
268,takoradi,GH,2022-07-04 04:13:16,4.8845,-1.7554,75.09,86,13,8.08
269,pangody,RU,2022-07-04 04:13:16,65.85,74.4859,50.79,53,44,14.41
270,buala,SB,2022-07-04 04:13:17,-8.145,159.5921,84.7,71,73,13.82
271,north platte,US,2022-07-04 04:09:15,41.1239,-100.7654,74.25,80,75,21.85
272,abu kamal,SY,2022-07-04 04:13:17,34.4506,40.9171,84.58,21,0,14.92
273,salihorsk,BY,2022-07-04 04:13:18,52.7876,27.5415,64.09,78,98,4.0
274,tarko-sale,RU,2022-07-04 04:13:18,64.9225,77.785,54.59,52,33,16.96
275,sept-iles,CA,2022-07-04 04:13:19,50.2001,-66.3821,55.06,74,12,4.0
276,paamiut,GL,2022-07-04 04:13:19,61.994,-49.6678,42.66,93,95,8.75
277,nikolskoye,RU,2022-07-04 04:13:20,59.7035,30.7861,65.91,76,9,3.11
278,sao filipe,CV,2022-07-04 04:13:20,14.8961,-24.4956,73.31,76,6,10.0
279,marrakesh,MA,2022-07-04 04:13:21,31.6315,-8.0083,68.07,68,0,8.05
280,hambantota,LK,2022-07-04 04:13:21,6.1241,81.1185,85.1,67,100,19.33
281,sarakhs,IR,2022-07-04 04:13:22,36.5449,61.1577,82.11,24,29,24.52
282,hailar,CN,2022-07-04 04:13:23,49.2,119.7,93.06,28,100,9.15
283,margate,GB,2022-07-04 04:13:23,51.3813,1.3862,56.3,88,60,8.12
284,petropavlovsk-kamchatskiy,RU,2022-07-04 04:13:23,53.0452,158.6483,72.19,53,40,11.18
285,jurm,AF,2022-07-04 04:11:13,36.8648,70.8342,86.54,19,0,5.41
286,romilly-sur-seine,FR,2022-07-04 04:13:24,48.5108,3.7263,54.72,87,1,3.22
287,huarmey,PE,2022-07-04 04:13:24,-10.0681,-78.1522,62.49,85,32,8.25
288,inuvik,CA,2022-07-04 04:13:25,68.3499,-133.7218,83.41,32,31,8.16
289,san bartolome de tirajana,ES,2022-07-04 04:13:25,27.9248,-15.5733,59.47,83,40,21.85
290,langfang,CN,2022-07-04 04:13:26,39.5097,116.6947,86.45,64,73,4.52
291,kanigoro,ID,2022-07-04 04:13:27,-8.13,112.219,86.92,61,45,2.33
292,vanimo,PG,2022-07-04 04:13:27,-2.6741,141.3028,84.13,74,36,5.61
293,fujin,CN,2022-07-04 04:13:28,47.26,132.0322,85.19,57,2,3.51
294,tynda,RU,2022-07-04 04:13:28,55.1667,124.7167,85.75,39,21,5.88
295,manzhouli,CN,2022-07-04 04:13:29,49.6,117.4333,85.68,40,97,13.24
296,fairbanks,US,2022-07-04 04:10:02,64.8378,-147.7164,74.61,53,75,12.66
297,jalu,LY,2022-07-04 04:13:29,29.0331,21.5482,76.17,49,0,8.59
298,corn island,NI,2022-07-04 04:13:30,12.1694,-83.0418,81.1,84,100,18.34
299,karabuk,TR,2022-07-04 04:13:30,41.2049,32.6277,58.64,69,0,3.04
300,sisimiut,GL,2022-07-04 04:13:31,66.9395,-53.6735,48.56,68,52,2.44
301,tautira,PF,2022-07-04 04:13:31,-17.7333,-149.15,76.64,71,43,9.35
302,tiksi,RU,2022-07-04 04:13:32,71.6872,128.8694,34.32,98,100,8.93
303,kloulklubed,PW,2022-07-04 04:13:32,7.0419,134.2556,81.95,78,99,9.13
304,codrington,AU,2022-07-04 04:13:33,-38.2667,141.9667,57.38,72,45,11.41
305,carmen,MX,2022-07-04 04:13:33,18.6333,-91.8333,79.2,80,100,10.78
306,santa cruz,BO,2022-07-04 04:13:34,-17.8,-63.1667,72.86,83,75,9.22
307,joshimath,IN,2022-07-04 04:13:34,30.5667,79.5667,80.11,74,74,5.73
308,sarh,TD,2022-07-04 04:13:35,9.1429,18.3923,71.33,90,93,2.73
309,beloha,MG,2022-07-04 04:13:35,-25.1667,45.05,58.21,78,0,5.84
310,batagay,RU,2022-07-04 04:13:36,67.6333,134.6333,87.28,27,73,4.5
311,ancud,CL,2022-07-04 04:13:36,-41.8697,-73.8203,40.23,70,77,17.36
312,am timan,TD,2022-07-04 04:13:37,11.0297,20.2827,73.42,88,100,8.43
313,port augusta,AU,2022-07-04 04:13:38,-32.5,137.7667,56.91,48,0,15.37
314,comodoro rivadavia,AR,2022-07-04 04:11:22,-45.8667,-67.5,49.86,40,0,28.77
315,kangaatsiaq,GL,2022-07-04 04:13:38,68.3065,-53.4641,40.91,85,91,10.18
316,yeppoon,AU,2022-07-04 04:13:39,-23.1333,150.7333,53.38,95,100,5.99
317,talara,PE,2022-07-04 04:13:39,-4.5772,-81.2719,64.2,85,21,13.2
318,qaqortoq,GL,2022-07-04 04:13:40,60.7167,-46.0333,45.32,96,100,0.56
319,west des moines,US,2022-07-04 04:13:40,41.572,-93.7453,77.45,75,0,5.75
320,saint-joseph,RE,2022-07-04 04:13:40,-21.3667,55.6167,68.38,69,33,15.43
321,prieska,ZA,2022-07-04 04:13:41,-29.6641,22.7474,49.8,67,0,2.55
322,shingu,JP,2022-07-04 04:11:56,33.7333,135.9833,74.05,98,100,1.95
323,ugoofaaru,MV,2022-07-04 04:13:41,5.6667,73.0,82.72,78,100,12.24
324,kolvereid,NO,2022-07-04 04:13:42,64.8655,11.6047,52.83,82,100,4.81
325,auki,SB,2022-07-04 04:13:42,-8.7676,160.7034,85.12,67,8,9.95
326,fort smith,US,2022-07-04 04:13:43,35.3859,-94.3986,86.34,68,0,6.91
327,songjianghe,CN,2022-07-04 04:13:43,42.1859,127.479,83.57,43,100,4.92
328,nanortalik,GL,2022-07-04 04:13:44,60.1432,-45.2371,46.85,94,100,17.02
329,hovd,MN,2022-07-04 04:13:44,48.0056,91.6419,65.1,33,3,6.38
330,malmesbury,ZA,2022-07-04 04:13:45,-33.4608,18.7271,46.78,91,0,2.62
331,naze,JP,2022-07-04 04:13:45,28.3667,129.4833,79.5,85,96,17.47
332,capreol,CA,2022-07-04 04:13:46,46.706,-80.9225,56.55,69,96,2.89
333,antofagasta,CL,2022-07-04 04:13:46,-23.65,-70.4,56.48,83,2,6.44
334,sehithwa,BW,2022-07-04 04:13:47,-20.4667,22.7167,55.98,48,18,6.85
335,te anau,NZ,2022-07-04 04:13:47,-45.4167,167.7167,48.2,79,64,7.4
336,goure,NE,2022-07-04 04:13:48,13.9835,10.2704,83.44,48,20,8.28
337,zvishavane,ZW,2022-07-04 04:13:48,-20.3267,30.0665,53.35,84,0,0.87
338,taoudenni,ML,2022-07-04 04:13:49,22.6783,-3.9836,93.52,20,34,2.19
339,amuntai,ID,2022-07-04 04:13:49,-2.4177,115.2494,82.38,79,98,5.99
340,alghero,IT,2022-07-04 04:13:50,40.5589,8.3181,64.49,82,0,2.3
341,el dorado,US,2022-07-04 04:13:50,38.7666,-120.5177,59.52,60,8,1.99
342,peniche,PT,2022-07-04 04:13:51,39.3558,-9.3811,65.28,90,64,3.94
343,seoul,KR,2022-07-04 04:13:45,37.5683,126.9778,92.59,48,100,3.31
344,yar-sale,RU,2022-07-04 04:13:51,66.8333,70.8333,51.94,54,89,11.81
345,praia da vitoria,PT,2022-07-04 04:13:52,38.7333,-27.0667,64.76,70,64,8.93
346,zhigansk,RU,2022-07-04 04:12:16,66.7697,123.3711,72.03,73,41,18.23
347,caravelas,BR,2022-07-04 04:13:53,-17.7125,-39.2481,69.12,90,2,4.9
348,vieques,PR,2022-07-04 04:13:53,18.425,-65.8329,81.1,89,20,9.22
349,banjar,ID,2022-07-04 04:13:53,-8.19,114.9675,87.64,61,100,2.93
350,yambio,SS,2022-07-04 04:13:54,4.5721,28.3955,65.12,93,98,3.6
351,pisco,PE,2022-07-04 04:13:54,-13.7,-76.2167,60.85,82,100,6.91
352,saint anthony,US,2022-07-04 04:13:55,45.0205,-93.218,78.58,72,20,9.22
353,pitimbu,BR,2022-07-04 04:13:55,-7.4706,-34.8086,73.99,85,30,12.97
354,grimshaw,CA,2022-07-04 04:13:56,56.1834,-117.6027,59.9,69,33,5.7
355,wairoa,NZ,2022-07-04 04:13:56,-39.0333,177.3667,56.55,71,10,1.01
356,ulladulla,AU,2022-07-04 04:13:57,-35.35,150.4667,54.5,90,100,22.39
357,airai,TL,2022-07-04 04:13:57,-8.9266,125.4092,64.45,84,100,3.0
358,san blas,MX,2022-07-04 04:13:58,21.5167,-105.2667,78.94,88,63,1.83
359,lembang,ID,2022-07-04 04:13:58,-6.8117,107.6175,81.07,63,100,4.72
360,sindou,BF,2022-07-04 04:13:58,10.6667,-5.1667,72.45,94,100,3.85
361,gizo,SB,2022-07-04 04:13:59,-8.103,156.8419,86.18,63,65,5.97
362,atherton,GB,2022-07-04 04:14:00,53.5237,-2.4935,57.47,80,92,3.0
363,teknaf,BD,2022-07-04 04:14:00,20.8624,92.3058,85.78,75,100,11.18
364,elmvale,CA,2022-07-04 04:14:01,44.5834,-79.8664,61.72,86,4,1.66
365,marapanim,BR,2022-07-04 04:14:01,-0.7175,-47.6997,72.34,96,74,4.23
366,birao,CF,2022-07-04 04:14:02,10.2849,22.7882,72.25,90,100,4.41
367,la paz,BO,2022-07-04 04:14:02,-16.5,-68.15,37.38,55,40,6.91
368,sterling,US,2022-07-04 04:12:50,39.0062,-77.4286,74.16,80,0,3.0
369,berlevag,NO,2022-07-04 04:14:03,70.8578,29.0864,55.2,93,100,8.05
370,luwuk,ID,2022-07-04 04:14:03,-0.9516,122.7875,79.36,88,96,6.15
371,zaysan,KZ,2022-07-04 04:14:04,47.4667,84.8667,78.78,23,38,7.25
372,louis trichardt,ZA,2022-07-04 04:14:04,-23.0439,29.9032,53.74,65,0,1.32
373,aden,YE,2022-07-04 04:10:55,12.7794,45.0367,84.99,80,88,1.79
374,lohja,FI,2022-07-04 04:14:05,60.2486,24.0653,66.43,100,37,0.58
375,bonthe,SL,2022-07-04 04:14:06,7.5264,-12.505,76.3,86,100,10.6
376,puerto ayacucho,VE,2022-07-04 04:14:06,5.6639,-67.6236,74.35,94,100,2.91
377,okhansk,RU,2022-07-04 04:14:06,57.7186,55.3877,57.06,75,85,9.66
378,chimoio,MZ,2022-07-04 04:14:07,-19.1164,33.4833,54.86,96,0,1.92
379,pochinki,RU,2022-07-04 04:14:07,54.6988,44.8668,60.96,77,100,8.41
380,namatanai,PG,2022-07-04 04:14:08,-3.6667,152.4333,85.28,68,96,10.74
381,mukhen,RU,2022-07-04 04:14:08,48.1,136.1,74.66,90,100,0.38
382,novikovo,RU,2022-07-04 04:14:09,51.1537,37.8879,68.02,80,0,5.91
383,nacozari,MX,2022-07-04 04:14:09,25.3366,-108.2574,84.11,75,2,4.65
384,king of prussia,US,2022-07-04 04:14:10,40.0893,-75.396,74.71,61,0,0.0
385,alekseyevka,RU,2022-07-04 04:14:10,50.6309,38.6903,67.42,82,6,7.11
386,ankazoabo,MG,2022-07-04 04:14:11,-22.2833,44.5167,53.51,78,0,4.32
387,vanavara,RU,2022-07-04 04:14:11,60.34,102.2797,69.89,42,0,9.84
388,lagoa,PT,2022-07-04 04:14:12,39.05,-27.9833,63.1,70,7,13.09
389,port blair,IN,2022-07-04 04:14:12,11.6667,92.75,81.12,84,100,14.47
390,luganville,VU,2022-07-04 04:14:13,-15.5333,167.1667,79.39,84,27,15.39
391,kabanjahe,ID,2022-07-04 04:14:13,3.1001,98.4908,74.05,66,100,6.91
392,samarai,PG,2022-07-04 04:14:14,-10.6167,150.6667,83.32,74,19,11.16
393,buraydah,SA,2022-07-04 04:14:14,26.326,43.975,86.16,18,33,11.27
394,platanos,GR,2022-07-04 04:14:15,37.6667,21.6167,77.09,42,0,5.84
395,sobradinho,BR,2022-07-04 04:14:15,-12.8333,-39.1,64.42,97,40,4.27
396,ouesso,CG,2022-07-04 04:14:16,1.6136,16.0517,70.16,89,54,1.25
397,sioux lookout,CA,2022-07-04 04:14:16,50.1001,-91.917,52.5,87,81,5.01
398,kotido,UG,2022-07-04 04:14:17,2.9806,34.1331,63.12,79,98,2.42
399,port keats,AU,2022-07-04 04:14:17,-14.25,129.55,76.39,31,86,15.41
400,grindavik,IS,2022-07-04 04:14:18,63.8424,-22.4338,45.07,100,75,11.5
401,mount isa,AU,2022-07-04 04:14:18,-20.7333,139.5,62.37,39,0,19.57
402,sinnamary,GF,2022-07-04 04:14:19,5.3833,-52.95,77.31,88,59,8.59
403,bengkulu,ID,2022-07-04 04:13:41,-3.8004,102.2655,83.82,71,84,7.45
404,bud,US,2022-07-04 04:14:20,39.447,-86.1758,73.67,76,0,6.6
405,abha,SA,2022-07-04 04:14:20,18.2164,42.5053,73.65,20,0,6.91
406,talnakh,RU,2022-07-04 04:14:21,69.4865,88.3972,56.21,49,6,22.59
407,altamira,BR,2022-07-04 04:14:21,-3.2033,-52.2064,71.56,98,51,3.09
408,redcar,GB,2022-07-04 04:14:21,54.6166,-1.06,57.52,54,93,4.0
409,morro bay,US,2022-07-04 04:14:22,35.3658,-120.8499,62.4,79,3,8.01
410,cayenne,GF,2022-07-04 04:14:23,4.9333,-52.3333,77.09,1,20,0.0
411,dharchula,IN,2022-07-04 04:14:23,29.85,80.5333,83.19,74,69,4.59
412,mayo,US,2022-07-04 04:14:24,38.8876,-76.5119,75.04,88,0,0.0
413,puerto del rosario,ES,2022-07-04 04:14:24,28.5004,-13.8627,69.55,73,100,18.41
414,calderitas,MX,2022-07-04 04:14:25,18.55,-88.25,80.26,85,100,9.35
415,boshnyakovo,RU,2022-07-04 04:14:25,49.6333,142.1667,65.91,64,65,3.15
416,cheney,US,2022-07-04 04:11:51,47.4874,-117.5758,66.25,71,75,5.75
417,san lawrenz,MT,2022-07-04 04:14:26,36.0553,14.204,76.41,89,1,7.14
418,porto nacional,BR,2022-07-04 04:14:27,-10.7081,-48.4172,71.6,43,0,1.57
419,west memphis,US,2022-07-04 04:14:27,35.1465,-90.1845,82.71,78,0,3.44
420,hudson bay,CA,2022-07-04 04:14:28,52.85,-102.3842,55.51,79,25,2.59
421,hede,CN,2022-07-04 04:14:28,33.7681,120.2517,81.25,73,100,9.8
422,saint-louis,SN,2022-07-04 04:14:29,16.3333,-15.0,83.01,52,81,8.81
423,parole,US,2022-07-04 04:14:30,38.9796,-76.5305,74.89,88,0,0.0
424,placido de castro,BR,2022-07-04 04:14:30,-10.3353,-67.1856,76.84,68,73,0.92
425,katobu,ID,2022-07-04 04:14:30,-4.9408,122.5276,84.47,70,59,5.77
426,igrim,RU,2022-07-04 04:14:31,63.1906,64.4162,54.1,51,99,8.34
427,tessalit,ML,2022-07-04 04:14:31,20.1986,1.0114,88.79,9,1,8.19
428,tucuma,BR,2022-07-04 04:14:32,-0.1833,-50.05,73.67,94,50,6.35
429,baiyin,CN,2022-07-04 04:14:32,36.5583,104.2081,82.85,27,3,2.48
430,matara,LK,2022-07-04 04:14:33,5.9485,80.5353,83.53,75,100,15.61
431,yulara,AU,2022-07-04 04:14:33,-25.2406,130.9889,56.84,29,0,14.9
432,peterhead,GB,2022-07-04 04:14:34,57.5058,-1.7981,50.45,87,91,11.83
433,gedzhukh,RU,2022-07-04 04:14:34,42.1279,48.0647,76.28,38,23,1.14
434,ludvika,SE,2022-07-04 04:14:34,60.1496,15.1878,59.34,95,100,2.95
435,havre-saint-pierre,CA,2022-07-04 04:14:35,50.2334,-63.5986,53.91,87,73,16.46
436,hornepayne,CA,2022-07-04 04:14:35,49.2138,-84.7705,53.47,70,79,4.56
437,jumla,NP,2022-07-04 04:14:36,29.2747,82.1838,75.49,63,25,5.3
438,cairns,AU,2022-07-04 04:14:36,-16.9167,145.7667,69.06,97,100,9.22
439,linguere,SN,2022-07-04 04:14:37,15.3953,-15.1193,79.56,69,99,6.04
440,spornoye,RU,2022-07-04 04:14:37,50.8448,37.2913,67.46,78,0,7.16
441,penzance,GB,2022-07-04 04:14:38,50.1186,-5.5371,56.86,81,13,12.84
442,vao,NC,2022-07-04 04:14:39,-22.6667,167.4833,73.24,75,88,18.99
443,benguela,AO,2022-07-04 04:14:39,-12.5763,13.4055,66.11,82,0,1.99
444,vestmanna,FO,2022-07-04 04:14:40,62.1564,-7.1664,45.52,87,75,16.11
445,verkhoyansk,RU,2022-07-04 04:14:40,67.5447,133.385,87.37,27,48,6.42
446,palmer,US,2022-07-04 04:10:04,42.1584,-72.3287,69.4,79,0,4.61
447,santa maria,BR,2022-07-04 04:13:19,-29.6842,-53.8069,59.0,99,90,5.97
448,stromness,GB,2022-07-04 04:14:41,58.965,-3.296,51.87,84,75,15.99
449,suntar,RU,2022-07-04 04:14:41,62.1444,117.6319,78.66,37,91,10.4
450,hearst,CA,2022-07-04 04:14:42,49.6835,-83.6665,53.56,68,80,5.03
451,aswan,EG,2022-07-04 04:14:42,24.0934,32.907,86.5,23,67,3.78
452,dandong,CN,2022-07-04 04:11:54,40.1292,124.3947,79.05,76,96,5.32
453,riohacha,CO,2022-07-04 04:14:43,11.5444,-72.9072,81.07,79,65,11.12
454,pacifica,US,2022-07-04 04:14:44,37.6138,-122.4869,60.53,84,40,11.5
455,pita,GN,2022-07-04 04:14:44,10.8333,-12.5833,71.96,99,100,2.66
456,iskateley,RU,2022-07-04 04:14:44,67.6803,53.1512,62.6,50,17,11.27
457,voh,NC,2022-07-04 04:14:45,-20.9667,164.7,79.65,60,85,7.96
458,gamba,GA,2022-07-04 04:14:45,-2.65,10.0,69.71,92,4,6.15
459,turinsk,RU,2022-07-04 04:14:46,58.0458,63.696,53.74,56,36,11.72
460,weligama,LK,2022-07-04 04:14:46,5.9667,80.4167,82.9,77,100,15.77
461,alofi,NU,2022-07-04 04:14:47,-19.0595,-169.9187,76.89,88,75,10.36
462,ca mau,VN,2022-07-04 04:14:47,9.1769,105.15,88.56,63,82,7.74
463,santa lucia,ES,2022-07-04 04:14:47,27.9117,-15.5407,61.92,73,40,21.85
464,mindelo,CV,2022-07-04 04:14:48,16.8901,-24.9804,71.06,78,22,18.59
465,yukhnov,RU,2022-07-04 04:14:48,54.7444,35.2297,68.11,69,97,2.71
466,kamenka,RU,2022-07-04 04:14:49,51.3223,42.7678,65.1,76,7,8.25
467,panaba,MX,2022-07-04 04:14:49,21.2833,-88.2667,77.23,85,5,7.58
468,maloy,NO,2022-07-04 04:14:50,61.9353,5.1136,55.13,79,100,9.86
469,goma,CD,2022-07-04 04:14:50,-1.6792,29.2228,57.52,81,2,2.57
470,dhidhdhoo,MV,2022-07-04 04:14:51,6.8833,73.1,83.03,77,100,15.05
471,necochea,AR,2022-07-04 04:14:51,-38.5473,-58.7368,46.38,36,100,7.96
472,valledupar,CO,2022-07-04 04:13:32,10.4631,-73.2532,76.69,94,40,9.22
473,pangkalanbuun,ID,2022-07-04 04:14:12,-2.6833,111.6167,89.94,58,98,3.33
474,tilichiki,RU,2022-07-04 04:14:52,60.4667,166.1,47.88,87,100,7.02
475,salisbury,GB,2022-07-04 04:14:53,51.0693,-1.7957,51.66,97,13,5.5
476,alanya,TR,2022-07-04 04:14:53,36.5438,31.9998,77.13,38,0,8.88
477,najran,SA,2022-07-04 04:14:54,17.4924,44.1277,83.71,29,24,6.96
478,kantemirovka,RU,2022-07-04 04:14:54,49.7089,39.8592,66.96,78,68,4.81
479,nuevitas,CU,2022-07-04 04:14:54,21.5453,-77.2644,79.12,87,33,8.1
480,camopi,GF,2022-07-04 04:14:55,3.1655,-52.3158,69.87,99,65,1.92
481,zhangjiakou,CN,2022-07-04 04:14:56,40.81,114.8794,79.45,65,52,3.18
482,lichtenburg,ZA,2022-07-04 04:14:56,-26.152,26.1597,47.53,58,3,5.08
483,biu,NG,2022-07-04 04:14:56,10.6129,12.1946,69.98,79,15,4.83
484,gambela,ET,2022-07-04 04:14:57,8.25,34.5833,70.07,81,100,3.42
485,lebu,CL,2022-07-04 04:14:57,-37.6167,-73.65,50.43,88,100,17.43
486,mabaruma,GY,2022-07-04 04:14:58,8.2,-59.7833,72.7,98,67,2.46
487,arklow,IE,2022-07-04 04:14:58,52.7931,-6.1414,54.09,88,69,8.84
488,tezu,IN,2022-07-04 04:14:59,27.9167,96.1667,88.38,70,71,4.12
489,gra liyia,GR,2022-07-04 04:15:00,35.0167,25.6833,79.12,50,0,11.01
490,duluth,US,2022-07-04 04:13:37,46.7833,-92.1066,60.06,80,100,12.66
491,lorengau,PG,2022-07-04 04:15:00,-2.0226,147.2712,84.79,71,90,8.86
492,lima,PE,2022-07-04 04:14:02,-12.0432,-77.0282,59.25,82,100,11.5
493,yurla,RU,2022-07-04 04:15:01,59.3259,54.3223,54.93,62,70,8.46
494,ornskoldsvik,SE,2022-07-04 04:15:02,63.2909,18.7153,59.95,88,7,0.0
495,emba,KZ,2022-07-04 04:15:02,48.8264,58.1442,61.07,70,90,7.07
496,narok,KE,2022-07-04 04:15:03,-1.0783,35.8601,49.01,87,38,4.83
497,tatarsk,RU,2022-07-04 04:15:03,55.219,75.9828,64.71,65,28,8.59
498,bolobo,CD,2022-07-04 04:15:04,-2.1667,16.2333,71.47,64,18,3.38
499,sambava,MG,2022-07-04 04:15:04,-14.2667,50.1667,70.2,81,66,14.43
500,kimbe,PG,2022-07-04 04:10:08,-5.5502,150.1429,89.49,57,36,6.73
501,washougal,US,2022-07-04 04:15:05,45.5826,-122.3534,67.3,68,20,4.61
502,honggang,CN,2022-07-04 04:15:06,46.4667,124.8667,90.41,48,98,10.16
503,aleysk,RU,2022-07-04 04:15:06,52.4926,82.7822,71.08,49,22,4.65
504,kalabo,ZM,2022-07-04 04:15:06,-14.97,22.6814,56.95,55,74,5.28
505,tuy hoa,VN,2022-07-04 04:15:07,13.0833,109.3,94.84,48,90,8.1
506,la ronge,CA,2022-07-04 04:15:07,55.1001,-105.2842,61.05,67,100,8.05
507,batagay-alyta,RU,2022-07-04 04:15:08,67.8006,130.4114,82.87,32,54,12.01
508,tommot,RU,2022-07-04 04:15:08,58.9564,126.2925,85.51,52,38,6.98
509,lethem,GY,2022-07-04 04:15:09,3.3803,-59.7968,76.73,78,89,6.08
510,tabou,CI,2022-07-04 04:15:09,4.423,-7.3528,74.88,80,32,9.1
511,bata,GQ,2022-07-04 04:15:10,1.8639,9.7658,74.28,93,100,10.09
512,saint george,US,2022-07-04 04:13:45,37.1041,-113.5841,90.19,10,0,10.36
513,prince albert,CA,2022-07-04 04:13:18,53.2001,-105.7677,57.13,73,64,2.28
514,trollhattan,SE,2022-07-04 04:11:34,58.2333,12.4167,57.4,98,100,2.8
515,kalianget,ID,2022-07-04 04:15:11,-7.05,113.9333,85.26,72,73,10.0
516,marsabit,KE,2022-07-04 04:15:11,2.3284,37.9899,57.15,79,48,14.18
517,half moon bay,US,2022-07-04 04:15:12,37.4636,-122.4286,61.83,83,75,11.5
518,ramsar,IR,2022-07-04 04:15:12,36.9226,50.6426,72.84,68,100,0.0
519,dzhebariki-khaya,RU,2022-07-04 04:15:13,62.2167,135.8,87.82,31,37,4.0
520,linhares,BR,2022-07-04 04:15:13,-19.3911,-40.0722,63.07,95,0,3.38
521,laramie,US,2022-07-04 04:13:27,41.3114,-105.5911,65.77,58,0,11.5
522,hyeres,FR,2022-07-04 04:15:14,43.1167,6.1167,74.68,52,0,0.0
523,guilin,CN,2022-07-04 04:15:14,25.2819,110.2864,83.98,81,97,4.43
524,viadana,IT,2022-07-04 04:15:15,44.9333,10.5333,77.59,75,27,1.74
525,anito,PH,2022-07-04 04:15:15,12.4497,125.2886,82.99,69,96,4.5
526,egvekinot,RU,2022-07-04 04:15:16,66.3167,-179.1667,44.15,73,100,5.46
527,bilibino,RU,2022-07-04 04:15:16,68.0546,166.4372,59.61,51,98,2.42
528,okhotsk,RU,2022-07-04 04:15:17,59.3833,143.3,66.31,67,92,6.04
529,acajutla,SV,2022-07-04 04:15:17,13.5928,-89.8275,78.82,83,80,4.18
530,monte san giovanni campano,IT,2022-07-04 04:15:18,41.6406,13.5137,71.51,67,0,2.89
531,tahta,EG,2022-07-04 04:15:18,26.7693,31.5021,83.93,26,0,3.94
532,bosobolo,CD,2022-07-04 04:15:19,4.1833,19.9,68.67,91,17,0.54
533,saurimo,AO,2022-07-04 04:15:19,-9.6608,20.3916,54.64,50,1,5.06
534,phetchabun,TH,2022-07-04 04:15:20,16.25,101.0833,89.87,75,94,5.97
535,sakakah,SA,2022-07-04 04:15:20,29.9697,40.2064,81.97,39,0,9.98
536,baherden,TM,2022-07-04 04:15:21,38.4362,57.4316,78.69,23,4,13.85
537,chuy,UY,2022-07-04 04:15:21,-33.6971,-53.4616,54.16,81,100,8.57
538,karlskrona,SE,2022-07-04 04:15:22,56.1616,15.5866,61.25,90,84,4.99
539,ahipara,NZ,2022-07-04 04:15:22,-35.1667,173.1667,56.57,73,100,3.0
540,kirtipur,NP,2022-07-04 04:15:23,27.6667,85.2833,76.93,83,75,2.3
541,makakilo city,US,2022-07-04 04:15:23,21.3469,-158.0858,80.92,63,75,21.85
542,westport,US,2022-07-04 04:14:04,41.1415,-73.3579,73.74,66,0,9.22
543,norfolk,US,2022-07-04 04:15:24,42.1668,-71.2495,71.51,72,0,0.0
544,taylorville,US,2022-07-04 04:15:24,39.5489,-89.2945,75.81,68,0,3.44
545,chipata,ZM,2022-07-04 04:15:24,-13.6333,32.65,52.61,79,0,5.66
546,mitu,CO,2022-07-04 04:15:25,1.1983,-70.1733,70.66,99,100,2.51
547,elko,US,2022-07-04 04:15:25,41.0002,-115.5012,70.65,13,97,10.0
548,lucea,JM,2022-07-04 04:15:26,18.451,-78.1736,82.26,79,100,3.96
549,nyurba,RU,2022-07-04 04:15:26,63.2842,118.3319,77.79,39,91,11.65
550,ambilobe,MG,2022-07-04 04:15:27,-13.2,49.05,68.74,70,39,5.93
551,szprotawa,PL,2022-07-04 04:15:27,51.5656,15.5366,67.32,72,7,6.13
552,adre,TD,2022-07-04 04:15:28,13.4667,22.2,76.41,64,60,6.58
553,karratha,AU,2022-07-04 04:15:25,-20.7377,116.8463,68.32,24,21,23.44
554,luorong,CN,2022-07-04 04:15:28,24.4058,109.6086,86.79,74,100,3.74
555,antalaha,MG,2022-07-04 04:15:29,-14.9003,50.2788,68.16,85,37,8.48
556,nara,JP,2022-07-04 04:11:33,34.6851,135.8049,78.91,96,100,3.36
557,asilah,MA,2022-07-04 04:15:29,35.465,-6.0348,66.16,87,15,1.95
558,linxia,CN,2022-07-04 04:15:30,35.6003,103.2064,78.89,40,22,3.96
559,rawah,IQ,2022-07-04 04:15:30,34.4816,41.9093,86.61,14,0,15.7
