City_ID,City,Country,Date,Lat,Lng,Max Temp,Humidity,Cloudiness,Wind Speed,Current Description,Rain inches (last 3 hrs),Snow inches (last 3 hrs)
0,grand forks,US,2022-07-05 04:00:21,47.9417,-97.4337,69.73,94,100,6.91,overcast clouds,0.0,0
1,muli,MV,2022-07-05 04:02:39,2.9167,73.5667,82.89,75,86,10.0,overcast clouds,0.0,0
2,guerrero negro,MX,2022-07-05 03:59:06,27.9769,-114.0611,65.41,82,0,19.44,clear sky,0.0,0
3,sturgeon bay,US,2022-07-05 03:57:44,44.8342,-87.377,66.18,100,100,4.61,overcast clouds,0.0,0
4,albany,US,2022-07-05 03:58:03,42.6001,-73.9662,65.73,74,89,3.06,overcast clouds,0.0,0
5,vaini,TO,2022-07-05 04:02:39,-21.2,-175.2,72.91,71,100,25.99,overcast clouds,0.0,0
6,cape town,ZA,2022-07-05 04:02:40,-33.9258,18.4232,55.9,79,0,11.01,clear sky,0.0,0
7,faanui,PF,2022-07-05 04:02:40,-16.4833,-151.75,79.07,73,40,9.42,light rain,0.0,0
8,lorengau,PG,2022-07-05 04:02:41,-2.0226,147.2712,85.21,68,64,6.4,broken clouds,0.0,0
9,severo-kurilsk,RU,2022-07-05 04:02:41,50.6789,156.125,55.98,74,85,12.35,overcast clouds,0.0,0
10,clyde river,CA,2022-07-05 04:02:42,70.4692,-68.5914,35.83,93,100,17.27,overcast clouds,0.0,0
11,airai,TL,2022-07-05 04:02:42,-8.9266,125.4092,63.63,78,99,3.38,overcast clouds,0.0,0
12,tiksi,RU,2022-07-05 04:02:42,71.6872,128.8694,39.11,87,100,22.88,overcast clouds,0.0,0
13,namibe,AO,2022-07-05 04:02:43,-15.1961,12.1522,62.76,71,0,9.64,clear sky,0.0,0
14,rikitea,PF,2022-07-05 04:02:43,-23.1203,-134.9692,75.15,73,5,8.5,clear sky,0.0,0
15,puerto ayora,EC,2022-07-05 04:02:44,-0.7393,-90.3518,71.55,89,60,7.0,broken clouds,0.0,0
16,makokou,GA,2022-07-05 04:02:44,0.5738,12.8642,68.09,97,77,2.82,broken clouds,0.0,0
17,sisophon,KH,2022-07-05 04:02:45,13.5859,102.9737,86.61,70,100,9.06,overcast clouds,0.0,0
18,punta arenas,CL,2022-07-05 04:00:16,-53.15,-70.9167,34.05,80,100,4.36,overcast clouds,0.0,0
19,georgetown,MY,2022-07-05 03:59:51,5.4112,100.3354,85.93,78,40,3.44,scattered clouds,0.0,0
20,mataura,NZ,2022-07-05 04:02:45,-46.1927,168.8643,53.47,67,34,10.89,scattered clouds,0.0,0
21,hermanus,ZA,2022-07-05 04:02:46,-34.4187,19.2345,50.56,79,0,5.7,clear sky,0.0,0
22,rovaniemi,FI,2022-07-05 04:01:48,66.5,25.7167,63.81,67,0,10.36,clear sky,0.0,0
23,ushuaia,AR,2022-07-05 03:58:15,-54.8,-68.3,31.66,80,0,10.36,clear sky,0.0,0
24,chokurdakh,RU,2022-07-05 04:02:47,70.6333,147.9167,81.16,38,99,13.96,overcast clouds,0.0,0
25,jhargram,IN,2022-07-05 04:02:47,22.45,86.9833,90.68,58,24,8.1,few clouds,0.0,0
26,fare,PF,2022-07-05 04:02:47,-16.7,-151.0167,79.2,74,31,11.32,scattered clouds,0.0,0
27,ahipara,NZ,2022-07-05 04:02:48,-35.1667,173.1667,59.43,95,100,13.69,light rain,0.0,0
28,atuona,PF,2022-07-05 04:02:48,-9.8,-139.0333,77.9,74,7,24.45,clear sky,0.0,0
29,thinadhoo,MV,2022-07-05 04:02:48,0.5333,72.9333,81.91,73,24,2.89,few clouds,0.0,0
30,karpathos,GR,2022-07-05 04:02:49,35.507,27.2132,73.36,83,0,26.46,clear sky,0.0,0
31,cockburn town,TC,2022-07-05 04:02:50,21.4612,-71.1419,81.37,84,30,19.06,scattered clouds,0.0,0
32,torquay,GB,2022-07-05 04:02:50,50.4638,-3.5143,52.57,92,2,4.0,clear sky,0.0,0
33,kodiak,US,2022-07-05 03:59:51,57.79,-152.4072,56.77,84,91,3.51,overcast clouds,0.0,0
34,bluff,NZ,2022-07-05 04:02:51,-46.6,168.3333,53.8,74,77,36.95,broken clouds,0.0,0
35,umea,SE,2022-07-05 04:02:51,63.8284,20.2597,64.33,88,40,5.75,scattered clouds,0.0,0
36,nikolskoye,RU,2022-07-05 04:02:52,59.7035,30.7861,64.29,96,97,2.33,overcast clouds,0.0,0
37,san pedro de macoris,DO,2022-07-05 04:02:52,18.4616,-69.2972,75.33,92,32,7.49,scattered clouds,0.0,0
38,yellowknife,CA,2022-07-05 04:02:53,62.456,-114.3525,61.2,49,6,4.85,clear sky,0.0,0
39,hasaki,JP,2022-07-05 04:02:53,35.7333,140.8333,90.28,72,100,22.41,overcast clouds,0.0,0
40,caucaia,BR,2022-07-05 03:58:04,-3.7361,-38.6531,76.95,81,40,4.61,scattered clouds,0.0,0
41,yabrud,SY,2022-07-05 04:02:54,33.9674,36.6574,69.71,40,0,1.34,clear sky,0.0,0
42,mahebourg,MU,2022-07-05 04:01:28,-20.4081,57.7,71.26,74,96,16.73,light rain,0.0,0
43,paamiut,GL,2022-07-05 04:02:54,61.994,-49.6678,42.22,91,100,6.04,overcast clouds,0.0,0
44,lompoc,US,2022-07-05 04:02:55,34.6391,-120.4579,64.02,87,100,18.99,overcast clouds,0.0,0
45,mumford,GH,2022-07-05 04:02:55,5.2618,-0.759,74.07,90,82,6.49,light rain,0.0,0
46,kontagora,NG,2022-07-05 04:02:55,10.3999,5.4695,70.79,94,98,5.1,light rain,0.0,0
47,tasiilaq,GL,2022-07-05 04:02:56,65.6145,-37.6368,41.16,85,90,6.26,overcast clouds,0.0,0
48,mar del plata,AR,2022-07-05 04:00:00,-38.0023,-57.5575,41.09,100,0,3.44,clear sky,0.0,0
49,henties bay,NA,2022-07-05 04:02:56,-22.116,14.2845,53.53,86,0,5.37,clear sky,0.0,0
50,bredasdorp,ZA,2022-07-05 04:02:57,-34.5322,20.0403,46.26,90,0,1.74,clear sky,0.0,0
51,avarua,CK,2022-07-05 04:02:57,-21.2078,-159.775,75.25,73,75,4.61,broken clouds,0.0,0
52,san ferdinando di puglia,IT,2022-07-05 04:02:58,41.3026,16.0705,78.24,43,0,4.09,clear sky,0.0,0
53,ponta do sol,PT,2022-07-05 04:02:58,32.6667,-17.1,67.01,71,43,5.77,scattered clouds,0.0,0
54,kapaa,US,2022-07-05 04:02:59,22.0752,-159.319,82.38,75,75,19.57,broken clouds,0.0,0
55,superior,US,2022-07-05 04:02:21,46.7208,-92.1041,61.45,97,100,8.05,overcast clouds,0.0,0
56,busselton,AU,2022-07-05 04:02:59,-33.65,115.3333,57.29,72,100,7.92,overcast clouds,0.0,0
57,brovary,UA,2022-07-05 04:03:00,50.5,30.7667,73.89,75,9,2.04,clear sky,0.0,0
58,awjilah,LY,2022-07-05 04:03:00,29.1081,21.2869,76.53,46,0,7.25,clear sky,0.0,0
59,bengkulu,ID,2022-07-05 04:03:00,-3.8004,102.2655,84.31,67,81,5.55,light rain,0.0,0
60,sioux lookout,CA,2022-07-05 04:03:01,50.1001,-91.917,58.78,97,100,3.24,overcast clouds,0.0,0
61,barrow,US,2022-07-05 04:03:01,71.2906,-156.7887,37.42,93,100,9.22,fog,0.0,0
62,tuktoyaktuk,CA,2022-07-05 04:03:02,69.4541,-133.0374,59.49,61,54,5.14,broken clouds,0.0,0
63,upernavik,GL,2022-07-05 04:03:02,72.7868,-56.1549,37.54,89,1,11.63,clear sky,0.0,0
64,kahta,TR,2022-07-05 04:03:03,37.7855,38.6237,83.64,18,0,2.3,clear sky,0.0,0
65,bunia,CD,2022-07-05 04:00:21,1.5667,30.25,60.04,81,93,1.77,overcast clouds,0.0,0
66,hilo,US,2022-07-05 04:00:04,19.7297,-155.09,77.25,81,77,6.73,broken clouds,0.0,0
67,nanortalik,GL,2022-07-05 04:03:04,60.1432,-45.2371,43.07,92,79,4.94,broken clouds,0.0,0
68,castro,BR,2022-07-05 04:03:04,-24.7911,-50.0119,55.15,74,100,3.06,overcast clouds,0.0,0
69,la rochelle,FR,2022-07-05 04:03:05,46.1667,-1.15,56.88,82,0,9.22,clear sky,0.0,0
70,worgl,AT,2022-07-05 04:03:05,47.4833,12.0667,64.87,95,99,2.71,overcast clouds,0.0,0
71,hithadhoo,MV,2022-07-05 04:03:06,-0.6,73.0833,82.02,71,67,2.86,broken clouds,0.0,0
72,coquimbo,CL,2022-07-05 04:00:23,-29.9533,-71.3436,54.3,69,82,6.49,broken clouds,0.0,0
73,luba,GQ,2022-07-05 04:03:06,3.4568,8.5547,76.37,89,91,8.52,moderate rain,0.0,0
74,amapa,BR,2022-07-05 04:03:07,1.0,-52.0,69.33,99,8,1.28,clear sky,0.0,0
75,kruisfontein,ZA,2022-07-05 04:03:07,-34.0033,24.7314,50.9,65,32,4.29,scattered clouds,0.0,0
76,jamestown,US,2022-07-05 04:03:08,42.097,-79.2353,71.24,73,0,5.75,clear sky,0.0,0
77,butaritari,KI,2022-07-05 04:03:08,3.0707,172.7902,82.11,76,11,21.9,light rain,0.0,0
78,geraldton,AU,2022-07-05 04:03:09,-28.7667,114.6,64.81,45,100,10.36,overcast clouds,0.0,0
79,kamaishi,JP,2022-07-05 04:03:09,39.2667,141.8833,80.01,73,100,8.32,overcast clouds,0.0,0
80,vardo,NO,2022-07-05 04:03:10,70.3705,31.1107,48.18,100,100,11.5,overcast clouds,0.0,0
81,morgan city,US,2022-07-05 04:03:10,29.6994,-91.2068,80.01,88,100,4.38,overcast clouds,0.0,0
82,provideniya,RU,2022-07-05 04:03:11,64.3833,-173.3,48.36,87,100,11.18,overcast clouds,0.0,0
83,ormara,PK,2022-07-05 04:03:11,25.2088,64.6357,85.77,77,96,2.15,overcast clouds,0.0,0
84,costinesti,RO,2022-07-05 04:03:12,43.95,28.6333,67.24,45,6,2.28,clear sky,0.0,0
85,santarem,BR,2022-07-05 04:03:12,-2.4431,-54.7083,80.73,89,0,6.91,clear sky,0.0,0
86,buchanan,LR,2022-07-05 04:03:13,5.8808,-10.0467,75.81,83,95,5.06,overcast clouds,0.0,0
87,victoria,HK,2022-07-05 03:59:54,22.2855,114.1577,87.85,83,100,17.0,overcast clouds,0.0,0
88,carnarvon,AU,2022-07-05 04:03:14,-24.8667,113.6333,69.69,24,32,7.85,scattered clouds,0.0,0
89,katsuura,JP,2022-07-05 04:03:14,35.1333,140.3,75.78,86,100,19.66,light rain,0.0,0
90,saskylakh,RU,2022-07-05 04:03:15,71.9167,114.0833,55.6,44,81,4.7,broken clouds,0.0,0
91,ixtapa,MX,2022-07-05 04:00:23,20.7,-105.2,82.22,88,97,4.0,overcast clouds,0.0,0
92,sakakah,SA,2022-07-05 04:03:16,29.9697,40.2064,82.9,30,0,13.0,clear sky,0.0,0
93,marondera,ZW,2022-07-05 04:03:16,-18.1853,31.5519,44.15,88,1,2.64,clear sky,0.0,0
94,san rafael,AR,2022-07-05 04:03:17,-34.6177,-68.3301,43.36,34,0,3.74,clear sky,0.0,0
95,troitskiy,RU,2022-07-05 04:03:17,57.0603,63.7481,52.29,65,100,11.61,overcast clouds,0.0,0
96,anadyr,RU,2022-07-05 04:01:13,64.75,177.4833,46.9,93,75,8.95,broken clouds,0.0,0
97,ruteng,ID,2022-07-05 04:03:18,-8.6136,120.4721,70.68,71,71,4.14,broken clouds,0.0,0
98,pemangkat,ID,2022-07-05 04:03:19,1.1667,108.9667,84.29,72,100,1.34,overcast clouds,0.0,0
99,rosita,NI,2022-07-05 04:03:19,13.9268,-84.4032,73.74,99,100,2.28,overcast clouds,0.0,0
100,tefe,BR,2022-07-05 04:03:20,-3.3542,-64.7114,71.64,99,96,2.75,overcast clouds,0.0,0
101,turukhansk,RU,2022-07-05 04:03:20,65.8167,87.9833,60.85,46,99,10.13,overcast clouds,0.0,0
102,chuy,UY,2022-07-05 04:03:21,-33.6971,-53.4616,54.97,98,87,6.38,overcast clouds,0.0,0
103,thunder bay,CA,2022-07-05 04:03:21,48.4001,-89.3168,55.31,94,100,3.44,mist,0.0,0
104,araouane,ML,2022-07-05 04:03:21,18.9048,-3.5265,92.61,9,48,8.95,scattered clouds,0.0,0
105,tilichiki,RU,2022-07-05 04:03:22,60.4667,166.1,53.15,74,95,5.68,overcast clouds,0.0,0
106,iqaluit,CA,2022-07-05 04:00:17,63.7506,-68.5145,45.7,81,100,4.0,overcast clouds,0.0,0
107,dikson,RU,2022-07-05 04:03:22,73.5069,80.5464,35.35,98,100,2.35,overcast clouds,0.0,0
108,lebu,CL,2022-07-05 04:03:23,-37.6167,-73.65,50.18,87,100,20.49,light rain,0.0,0
109,nanakuli,US,2022-07-05 04:03:23,21.3906,-158.1547,82.35,61,0,10.36,clear sky,0.0,0
110,olafsvik,IS,2022-07-05 04:03:24,64.8945,-23.7142,48.6,76,91,4.34,overcast clouds,0.0,0
111,codrington,AU,2022-07-05 04:03:24,-38.2667,141.9667,58.98,57,65,11.88,broken clouds,0.0,0
112,aklavik,CA,2022-07-05 04:03:25,68.2191,-135.0107,64.36,90,53,12.62,heavy intensity rain,0.0,0
113,talnakh,RU,2022-07-05 04:03:25,69.4865,88.3972,58.21,42,0,14.38,clear sky,0.0,0
114,caravelas,BR,2022-07-05 04:03:26,-17.7125,-39.2481,68.97,89,0,4.12,clear sky,0.0,0
115,bethel,US,2022-07-05 04:03:26,41.3712,-73.414,70.63,76,0,0.0,clear sky,0.0,0
116,zeya,RU,2022-07-05 04:03:27,53.75,127.2667,91.31,35,3,7.0,clear sky,0.0,0
117,kuito,AO,2022-07-05 04:03:27,-12.3833,16.9333,48.96,57,0,3.69,clear sky,0.0,0
118,cherskiy,RU,2022-07-05 04:03:28,68.75,161.3,71.33,38,100,14.92,overcast clouds,0.0,0
119,nador,MA,2022-07-05 04:02:13,35.174,-2.9287,77.25,65,0,4.61,clear sky,0.0,0
120,miri,MY,2022-07-05 04:03:28,4.4148,114.0089,86.95,60,93,1.86,overcast clouds,0.0,0
121,meadow lake,US,2022-07-05 04:03:29,34.8014,-106.5436,75.9,60,100,0.25,overcast clouds,0.0,0
122,luganville,VU,2022-07-05 04:03:29,-15.5333,167.1667,80.01,86,93,13.65,overcast clouds,0.0,0
123,east london,ZA,2022-07-05 04:03:30,-33.0153,27.9116,59.5,76,26,6.31,scattered clouds,0.0,0
124,bud,US,2022-07-05 04:03:30,39.447,-86.1758,84.18,74,80,7.14,broken clouds,0.0,0
125,killybegs,IE,2022-07-05 04:03:30,54.6333,-8.45,55.15,90,100,12.06,overcast clouds,0.0,0
126,woodstock,CA,2022-07-05 04:03:31,43.1334,-80.7497,71.82,74,99,4.25,overcast clouds,0.0,0
127,grand gaube,MU,2022-07-05 04:03:31,-20.0064,57.6608,71.38,67,84,7.0,broken clouds,0.0,0
128,galveston,US,2022-07-05 04:03:32,29.3669,-94.9669,84.06,87,91,1.01,overcast clouds,0.0,0
129,tual,ID,2022-07-05 04:03:32,-5.6667,132.75,79.7,76,95,20.67,overcast clouds,0.0,0
130,sisimiut,GL,2022-07-05 04:03:33,66.9395,-53.6735,44.55,93,100,4.18,overcast clouds,0.0,0
131,banda aceh,ID,2022-07-05 04:03:33,5.5577,95.3222,87.15,60,100,7.02,overcast clouds,0.0,0
132,wanganui,NZ,2022-07-05 04:03:33,-39.9333,175.05,54.59,79,100,4.0,moderate rain,0.0,0
133,albemarle,US,2022-07-05 04:03:34,35.3501,-80.2001,77.74,94,0,0.0,clear sky,0.0,0
134,morant bay,JM,2022-07-05 04:03:34,17.8815,-76.4093,79.72,87,69,9.01,broken clouds,0.0,0
135,merauke,ID,2022-07-05 04:03:35,-8.4667,140.3333,78.76,88,100,15.46,overcast clouds,0.0,0
136,ramapuram,IN,2022-07-05 04:03:35,13.1167,79.2,81.72,64,100,12.66,overcast clouds,0.0,0
137,heishan,CN,2022-07-05 04:03:36,41.6892,122.1128,83.26,72,98,14.03,overcast clouds,0.0,0
138,phuket,TH,2022-07-05 04:03:36,8.0,98.25,84.42,79,75,12.66,light rain,0.0,0
139,sao felix do xingu,BR,2022-07-05 04:03:37,-6.6447,-51.995,69.8,68,0,1.48,clear sky,0.0,0
140,thompson,CA,2022-07-05 04:00:08,55.7435,-97.8558,52.27,60,66,3.47,broken clouds,0.0,0
141,kaitangata,NZ,2022-07-05 04:03:37,-46.2817,169.8464,52.21,61,13,15.93,few clouds,0.0,0
142,katangli,RU,2022-07-05 04:03:38,51.7102,143.2326,65.32,63,14,11.92,few clouds,0.0,0
143,ilhabela,BR,2022-07-05 04:03:38,-23.7781,-45.3581,67.68,67,2,2.98,clear sky,0.0,0
144,vermillion,US,2022-07-05 04:03:38,42.7794,-96.9292,81.72,69,2,4.81,clear sky,0.0,0
145,itoman,JP,2022-07-05 04:03:39,26.1247,127.6694,88.18,77,75,13.8,broken clouds,0.0,0
146,college,US,2022-07-05 04:03:39,64.8569,-147.8028,84.0,46,75,5.75,smoke,0.0,0
147,nome,US,2022-07-05 04:03:40,64.5011,-165.4064,51.17,76,100,5.75,overcast clouds,0.0,0
148,zhongxing,CN,2022-07-05 04:03:40,33.7039,118.6792,90.16,55,100,6.85,overcast clouds,0.0,0
149,cabedelo,BR,2022-07-05 04:03:41,-6.9811,-34.8339,75.87,81,43,17.47,scattered clouds,0.0,0
150,ilulissat,GL,2022-07-05 04:03:41,69.2167,-51.1,46.42,66,21,0.0,few clouds,0.0,0
151,doha,QA,2022-07-05 04:00:59,25.2867,51.5333,89.58,62,68,2.3,broken clouds,0.0,0
152,qaqortoq,GL,2022-07-05 04:03:42,60.7167,-46.0333,45.25,88,98,5.91,overcast clouds,0.0,0
153,mount isa,AU,2022-07-05 04:03:42,-20.7333,139.5,65.97,42,0,12.66,clear sky,0.0,0
154,lagoa,PT,2022-07-05 04:03:43,39.05,-27.9833,63.36,72,100,11.63,overcast clouds,0.0,0
155,pangnirtung,CA,2022-07-05 04:03:43,66.1451,-65.7125,51.12,59,100,3.18,overcast clouds,0.0,0
156,bagdarin,RU,2022-07-05 04:03:44,54.4333,113.6,66.54,83,94,3.91,light rain,0.0,0
157,takoradi,GH,2022-07-05 04:03:44,4.8845,-1.7554,74.14,91,90,5.21,light rain,0.0,0
158,yumen,CN,2022-07-05 04:03:45,40.2833,97.2,88.79,10,0,8.39,clear sky,0.0,0
159,meulaboh,ID,2022-07-05 04:03:45,4.1363,96.1285,78.87,77,100,5.26,overcast clouds,0.0,0
160,amurzet,RU,2022-07-05 04:03:46,47.6967,131.0981,83.35,64,65,5.08,broken clouds,0.0,0
161,dalianwan,CN,2022-07-05 04:03:46,39.0286,121.695,82.44,74,40,11.18,scattered clouds,0.0,0
162,limbang,MY,2022-07-05 04:03:46,4.75,115.0,89.71,52,99,6.02,overcast clouds,0.0,0
163,fortuna,US,2022-07-05 04:03:47,40.5982,-124.1573,63.09,88,100,0.67,overcast clouds,0.0,0
164,pandan,PH,2022-07-05 04:03:47,14.0453,124.1694,84.02,74,100,6.78,overcast clouds,0.0,0
165,wawa,NG,2022-07-05 04:00:09,9.9022,4.4192,73.81,90,96,6.35,light rain,0.0,0
166,bogoslovka,RU,2022-07-05 04:03:48,53.2084,44.8013,59.11,74,32,6.24,scattered clouds,0.0,0
167,fredericksburg,US,2022-07-05 03:59:02,38.3032,-77.4605,72.32,80,0,0.0,clear sky,0.0,0
168,vila franca do campo,PT,2022-07-05 04:03:49,37.7167,-25.4333,67.19,79,93,4.9,overcast clouds,0.0,0
169,cabo san lucas,MX,2022-07-05 04:03:07,22.8909,-109.9124,88.9,64,1,12.77,clear sky,0.0,0
170,chumikan,RU,2022-07-05 04:03:49,54.7183,135.315,72.72,61,8,7.27,clear sky,0.0,0
171,cascais,PT,2022-07-05 04:03:49,38.6979,-9.4215,65.52,77,31,13.0,scattered clouds,0.0,0
172,salalah,OM,2022-07-05 04:03:50,17.0151,54.0924,78.89,94,100,6.91,light intensity drizzle,0.0,0
173,namanga,KE,2022-07-05 04:03:50,-2.5433,36.7905,54.75,92,16,5.77,few clouds,0.0,0
174,norman wells,CA,2022-07-05 04:03:51,65.282,-126.8329,78.21,32,8,11.95,clear sky,0.0,0
175,hobart,AU,2022-07-05 04:00:13,-42.8794,147.3294,59.22,66,20,6.91,few clouds,0.0,0
176,cayenne,GF,2022-07-05 04:00:07,4.9333,-52.3333,79.09,1,0,2.3,clear sky,0.0,0
177,zavetnoye,RU,2022-07-05 04:03:51,47.1194,43.8903,74.35,45,27,11.27,scattered clouds,0.0,0
178,wodonga,AU,2022-07-05 04:03:52,-36.1167,146.8833,60.28,100,0,2.82,clear sky,0.0,0
179,muroto,JP,2022-07-05 04:03:52,33.2833,134.15,79.07,90,87,12.73,overcast clouds,0.0,0
180,zagan,PL,2022-07-05 04:03:53,51.6176,15.3149,63.99,73,99,0.56,overcast clouds,0.0,0
181,port alfred,ZA,2022-07-05 04:03:53,-33.5906,26.891,56.17,93,76,1.01,broken clouds,0.0,0
182,hue,VN,2022-07-05 04:03:54,16.4667,107.6,96.91,44,20,3.44,few clouds,0.0,0
183,garmsar,IR,2022-07-05 04:03:54,35.2182,52.3409,76.73,37,0,1.86,clear sky,0.0,0
184,khorixas,NA,2022-07-05 04:03:55,-20.3667,14.9667,53.96,68,0,4.0,clear sky,0.0,0
185,skjervoy,NO,2022-07-05 04:03:55,70.0311,20.9714,62.6,75,100,15.68,overcast clouds,0.0,0
186,alto araguaia,BR,2022-07-05 04:03:56,-17.3147,-53.2153,60.66,39,12,3.6,few clouds,0.0,0
187,lazurne,UA,2022-07-05 04:03:56,46.084,32.5295,73.17,63,30,7.14,scattered clouds,0.0,0
188,zhanjiang,CN,2022-07-05 04:03:57,21.2815,110.3427,88.36,69,100,10.16,overcast clouds,0.0,0
189,general roca,AR,2022-07-05 04:03:58,-39.0333,-67.5833,46.62,44,26,12.93,scattered clouds,0.0,0
190,gazanjyk,TM,2022-07-05 04:03:58,39.2446,55.5154,73.0,45,0,3.0,clear sky,0.0,0
191,ohrid,MK,2022-07-05 04:03:59,41.1172,20.8019,60.69,88,0,2.3,clear sky,0.0,0
192,broome,US,2022-07-05 04:03:59,42.2506,-75.833,70.86,76,75,3.44,broken clouds,0.0,0
193,san patricio,US,2022-07-05 04:03:59,28.017,-97.5169,85.89,80,1,14.36,clear sky,0.0,0
194,peniche,PT,2022-07-05 04:04:00,39.3558,-9.3811,64.29,94,14,4.23,few clouds,0.0,0
195,longyearbyen,SJ,2022-07-05 04:04:00,78.2186,15.6401,40.84,100,75,5.75,light intensity drizzle rain,0.0,0
196,alice springs,AU,2022-07-05 04:04:01,-23.7,133.8833,54.95,33,0,9.22,clear sky,0.0,0
197,todos santos,MX,2022-07-05 04:04:01,23.45,-110.2167,74.66,77,4,7.34,clear sky,0.0,0
198,port elizabeth,ZA,2022-07-05 04:04:01,-33.918,25.5701,56.23,84,78,4.61,broken clouds,0.0,0
199,saldanha,ZA,2022-07-05 04:04:02,-33.0117,17.9442,55.15,81,0,10.65,clear sky,0.0,0
200,kunming,CN,2022-07-05 04:03:55,25.0389,102.7183,73.49,74,100,3.91,overcast clouds,0.0,0
201,pisco,PE,2022-07-05 04:04:03,-13.7,-76.2167,60.85,82,75,3.44,mist,0.0,0
202,piscu,RO,2022-07-05 04:04:03,45.5,27.7333,70.09,55,59,3.49,broken clouds,0.0,0
203,puerto carreno,CO,2022-07-05 03:59:11,6.189,-67.4859,75.24,92,57,3.58,heavy intensity rain,0.0,0
204,shenjiamen,CN,2022-07-05 04:04:04,29.9576,122.298,81.41,85,100,26.17,overcast clouds,0.0,0
205,bikaner,IN,2022-07-05 04:04:04,28.0167,73.3,94.3,49,8,0.31,clear sky,0.0,0
206,mehamn,NO,2022-07-05 04:04:05,71.0357,27.8492,51.75,93,40,2.3,scattered clouds,0.0,0
207,kisangani,CD,2022-07-05 04:04:06,0.5167,25.2,68.95,93,13,1.99,few clouds,0.0,0
208,hirara,JP,2022-07-05 04:04:06,24.8,125.2833,83.97,78,48,18.23,scattered clouds,0.0,0
209,columbia,US,2022-07-05 03:59:57,34.0007,-81.0348,75.7,95,0,0.0,mist,0.0,0
210,esperance,AU,2022-07-05 04:04:07,-33.8667,121.9,64.17,33,0,22.08,clear sky,0.0,0
211,bambanglipuro,ID,2022-07-05 04:04:07,-7.95,110.2833,86.45,67,47,5.1,scattered clouds,0.0,0
212,khamgaon,IN,2022-07-05 04:04:08,20.6833,76.5667,75.61,93,100,10.31,heavy intensity rain,0.0,0
213,bambous virieux,MU,2022-07-05 04:04:08,-20.3428,57.7575,71.22,75,97,16.55,light rain,0.0,0
214,new norfolk,AU,2022-07-05 04:04:09,-42.7826,147.0587,58.87,56,49,1.07,scattered clouds,0.0,0
215,kavieng,PG,2022-07-05 04:04:09,-2.5744,150.7967,84.02,75,100,12.03,light rain,0.0,0
216,lavrentiya,RU,2022-07-05 04:04:10,65.5833,-171.0,49.3,78,96,8.77,overcast clouds,0.0,0
217,victor harbor,AU,2022-07-05 04:04:10,-35.5667,138.6167,57.0,77,13,7.76,few clouds,0.0,0
218,eslov,SE,2022-07-05 04:04:11,55.8393,13.3039,60.26,90,66,9.31,broken clouds,0.0,0
219,takaka,NZ,2022-07-05 04:04:11,-40.85,172.8,51.57,91,100,4.61,light rain,0.0,0
220,sao filipe,CV,2022-07-05 04:04:11,14.8961,-24.4956,73.67,80,12,7.29,few clouds,0.0,0
221,uruguaiana,BR,2022-07-05 04:04:12,-29.7547,-57.0883,60.73,94,100,12.66,overcast clouds,0.0,0
222,vaitape,PF,2022-07-05 04:04:12,-16.5167,-151.75,79.0,74,39,9.33,light rain,0.0,0
223,nara,JP,2022-07-05 04:01:06,34.6851,135.8049,79.92,93,100,2.04,light rain,0.0,0
224,kampong thum,KH,2022-07-05 04:04:13,12.7111,104.8887,89.62,63,87,5.97,overcast clouds,0.0,0
225,hualmay,PE,2022-07-05 04:04:13,-11.0964,-77.6139,61.43,84,30,7.9,scattered clouds,0.0,0
226,richards bay,ZA,2022-07-05 04:04:14,-28.783,32.0377,60.03,92,11,4.14,few clouds,0.0,0
227,poya,NC,2022-07-05 04:04:14,-21.35,165.15,79.81,70,83,8.61,broken clouds,0.0,0
228,sao jose da coroa grande,BR,2022-07-05 04:04:15,-8.8978,-35.1478,74.08,85,24,11.41,few clouds,0.0,0
229,coburg,DE,2022-07-05 04:04:15,50.2667,10.9667,58.59,60,22,2.66,few clouds,0.0,0
230,stokmarknes,NO,2022-07-05 04:04:16,68.5646,14.9108,57.18,88,0,8.05,clear sky,0.0,0
231,saint george,US,2022-07-05 04:04:16,37.1041,-113.5841,90.19,11,0,6.91,clear sky,0.0,0
232,san quintin,MX,2022-07-05 04:04:17,30.4833,-115.95,63.99,82,16,12.95,few clouds,0.0,0
233,sitka,US,2022-07-05 04:04:17,57.0531,-135.33,64.29,72,0,9.22,clear sky,0.0,0
234,srivardhan,IN,2022-07-05 04:04:18,18.0333,73.0167,79.54,91,100,15.57,overcast clouds,0.0,0
235,huilong,CN,2022-07-05 04:04:19,31.8111,121.655,86.94,84,77,14.18,broken clouds,0.0,0
236,gizo,SB,2022-07-05 04:04:19,-8.103,156.8419,84.97,69,87,6.51,overcast clouds,0.0,0
237,haines junction,CA,2022-07-05 04:04:19,60.7522,-137.5108,58.96,92,76,7.31,moderate rain,0.0,0
238,abu dhabi,AE,2022-07-05 04:00:49,24.4667,54.3667,88.97,86,100,1.01,overcast clouds,0.0,0
239,kill,IE,2022-07-05 04:04:20,52.1761,-7.335,57.13,89,99,6.46,overcast clouds,0.0,0
240,dunedin,NZ,2022-07-05 03:59:49,-45.8742,170.5036,56.8,46,4,5.99,clear sky,0.0,0
241,biltine,TD,2022-07-05 04:04:21,14.5333,20.9167,83.7,52,57,10.45,broken clouds,0.0,0
242,muros,ES,2022-07-05 04:04:21,42.7762,-9.0603,67.08,78,9,12.57,clear sky,0.0,0
243,alekseyevsk,RU,2022-07-05 04:04:22,57.8406,108.3492,69.21,68,100,0.67,light rain,0.0,0
244,mulege,MX,2022-07-05 04:04:22,26.8833,-111.9833,85.75,53,0,1.39,clear sky,0.0,0
245,ossora,RU,2022-07-05 04:04:22,59.2353,163.0719,54.95,82,73,9.1,broken clouds,0.0,0
246,humberto de campos,BR,2022-07-05 04:04:23,-2.5983,-43.4611,73.31,92,34,1.57,scattered clouds,0.0,0
247,nemuro,JP,2022-07-05 04:04:23,43.3236,145.575,54.55,96,100,8.37,overcast clouds,0.0,0
248,eyl,SO,2022-07-05 04:04:24,7.9803,49.8164,79.54,59,29,31.05,scattered clouds,0.0,0
249,homer,US,2022-07-05 04:04:24,59.6425,-151.5483,61.77,87,100,9.22,overcast clouds,0.0,0
250,beringovskiy,RU,2022-07-05 04:04:25,63.05,179.3167,44.85,97,100,3.29,overcast clouds,0.0,0
251,berdigestyakh,RU,2022-07-05 04:04:25,62.0989,126.6992,86.72,39,67,2.57,broken clouds,0.0,0
252,ugoofaaru,MV,2022-07-05 04:04:26,5.6667,73.0,83.14,78,100,14.92,overcast clouds,0.0,0
253,bathsheba,BB,2022-07-05 04:04:26,13.2167,-59.5167,81.21,88,40,18.41,scattered clouds,0.0,0
254,oktyabrskiy,RU,2022-07-05 04:02:12,54.4815,53.471,53.83,74,100,9.64,overcast clouds,0.0,0
255,khatanga,RU,2022-07-05 04:04:27,71.9667,102.5,53.17,47,100,1.72,overcast clouds,0.0,0
256,cidreira,BR,2022-07-05 04:04:27,-30.1811,-50.2056,63.68,92,8,1.99,clear sky,0.0,0
257,igarka,RU,2022-07-05 04:04:28,67.4667,86.5833,60.78,41,0,13.87,clear sky,0.0,0
258,nantucket,US,2022-07-05 04:04:28,41.2835,-70.0995,71.01,91,0,8.05,clear sky,0.0,0
259,saint-francois,FR,2022-07-05 04:04:29,46.4154,3.9054,54.84,100,100,0.0,overcast clouds,0.0,0
260,esik,KZ,2022-07-05 04:04:29,43.3552,77.4525,60.22,95,92,4.59,overcast clouds,0.0,0
261,naze,JP,2022-07-05 04:04:29,28.3667,129.4833,81.09,79,34,12.86,scattered clouds,0.0,0
262,ushtobe,KZ,2022-07-05 04:04:30,45.2514,77.9838,63.5,79,100,20.09,overcast clouds,0.0,0
263,nsanje,MW,2022-07-05 04:04:30,-16.92,35.262,60.69,97,3,2.21,clear sky,0.0,0
264,sterling,US,2022-07-05 03:59:32,39.0062,-77.4286,73.11,77,0,3.0,clear sky,0.0,0
265,berezovyy,RU,2022-07-05 04:04:31,51.6667,135.7,88.97,38,33,5.08,scattered clouds,0.0,0
266,sorkjosen,NO,2022-07-05 04:04:31,69.8,20.9333,62.6,82,0,6.91,clear sky,0.0,0
267,mattru,SL,2022-07-05 04:04:32,7.6244,-11.8332,70.57,94,84,1.52,broken clouds,0.0,0
268,micomeseng,GQ,2022-07-05 04:04:32,2.1462,10.6164,68.2,99,100,2.17,light rain,0.0,0
269,padang,ID,2022-07-05 04:04:33,-0.9492,100.3543,82.45,58,94,4.76,overcast clouds,0.0,0
270,kavaratti,IN,2022-07-05 04:04:33,10.5669,72.642,82.04,81,99,24.07,overcast clouds,0.0,0
271,tawang,IN,2022-07-05 04:04:34,27.5833,91.8667,72.03,61,35,5.77,scattered clouds,0.0,0
272,cap malheureux,MU,2022-07-05 04:04:34,-19.9842,57.6142,71.47,68,79,5.99,broken clouds,0.0,0
273,pacific grove,US,2022-07-05 04:03:28,36.6177,-121.9166,65.88,89,100,4.61,mist,0.0,0
274,ribeira grande,PT,2022-07-05 04:04:35,38.5167,-28.7,64.96,69,100,9.6,overcast clouds,0.0,0
275,benidorm,ES,2022-07-05 04:04:35,38.5382,-0.131,78.31,94,97,1.01,overcast clouds,0.0,0
276,ahuimanu,US,2022-07-05 04:04:36,21.4447,-157.8378,82.11,72,20,23.02,light rain,0.0,0
277,saint-joseph,RE,2022-07-05 04:04:36,-21.3667,55.6167,64.2,77,28,11.68,scattered clouds,0.0,0
278,maceio,BR,2022-07-05 04:04:37,-9.6658,-35.7353,72.84,88,40,5.75,scattered clouds,0.0,0
279,damghan,IR,2022-07-05 04:04:37,36.1683,54.348,68.38,42,0,1.99,clear sky,0.0,0
280,port hardy,CA,2022-07-05 04:00:07,50.6996,-127.4199,56.48,90,100,2.55,overcast clouds,0.0,0
281,springfield,US,2022-07-05 04:00:06,37.2153,-93.2982,83.1,77,4,3.0,clear sky,0.0,0
282,sinnamary,GF,2022-07-05 04:04:38,5.3833,-52.95,76.55,87,100,7.43,overcast clouds,0.0,0
283,mastic beach,US,2022-07-05 04:04:38,40.7668,-72.8521,72.0,80,0,14.0,clear sky,0.0,0
284,necochea,AR,2022-07-05 04:04:39,-38.5473,-58.7368,42.51,52,0,6.87,clear sky,0.0,0
285,ondangwa,NA,2022-07-05 04:04:39,-17.9167,15.95,55.35,50,0,10.16,clear sky,0.0,0
286,la palma,US,2022-07-05 04:04:40,33.8464,-118.0467,74.71,75,0,8.05,haze,0.0,0
287,muncar,ID,2022-07-05 04:04:40,-8.4333,114.3333,81.9,83,92,9.69,overcast clouds,0.0,0
288,saint-philippe,RE,2022-07-05 04:04:40,-21.3585,55.7679,65.21,82,49,12.03,light rain,0.0,0
289,pellerd,HU,2022-07-05 04:04:41,46.0344,18.154,72.45,64,0,3.44,clear sky,0.0,0
290,alofi,NU,2022-07-05 04:04:41,-19.0595,-169.9187,75.13,73,100,26.93,overcast clouds,0.0,0
291,oranjemund,NA,2022-07-05 04:04:42,-28.55,16.4333,52.11,88,0,1.77,clear sky,0.0,0
292,kenai,US,2022-07-05 04:04:42,60.5544,-151.2583,65.03,84,100,8.05,overcast clouds,0.0,0
293,arinos,BR,2022-07-05 04:04:43,-15.9169,-46.1056,60.13,64,0,2.3,clear sky,0.0,0
294,kununurra,AU,2022-07-05 04:04:43,-15.7667,128.7333,71.58,24,9,13.8,clear sky,0.0,0
295,mira,IT,2022-07-05 04:04:43,45.4358,12.1348,72.01,75,0,6.91,clear sky,0.0,0
296,auki,SB,2022-07-05 04:04:44,-8.7676,160.7034,85.12,66,50,4.92,scattered clouds,0.0,0
297,mayumba,GA,2022-07-05 04:04:44,-3.432,10.6554,68.32,93,8,6.33,clear sky,0.0,0
298,busayra,JO,2022-07-05 04:04:45,30.7376,35.6078,69.82,51,0,4.05,clear sky,0.0,0
299,mildura,AU,2022-07-05 04:04:45,-34.2,142.15,59.07,61,0,11.79,clear sky,0.0,0
300,jiquilisco,SV,2022-07-05 04:00:47,13.3167,-88.5833,78.15,87,100,6.13,overcast clouds,0.0,0
301,les cayes,HT,2022-07-05 04:04:46,18.2,-73.75,78.13,85,21,3.09,few clouds,0.0,0
302,zhanaozen,KZ,2022-07-05 04:04:47,43.3,52.8,71.65,47,3,13.96,clear sky,0.0,0
303,esil,KZ,2022-07-05 04:04:47,51.9556,66.4042,54.88,89,100,17.27,overcast clouds,0.0,0
304,ambulu,ID,2022-07-05 04:04:47,-8.345,113.6058,84.74,73,93,6.17,overcast clouds,0.0,0
305,pevek,RU,2022-07-05 04:04:48,69.7008,170.3133,47.07,70,18,3.06,few clouds,0.0,0
306,maltahohe,NA,2022-07-05 04:04:49,-24.8333,16.9833,49.1,58,0,9.22,clear sky,0.0,0
307,goma,CD,2022-07-05 04:04:49,-1.6792,29.2228,58.6,73,24,2.77,few clouds,0.0,0
308,tsiroanomandidy,MG,2022-07-05 04:04:49,-18.7667,46.0333,53.38,80,0,2.8,clear sky,0.0,0
309,ahero,KE,2022-07-05 04:04:50,-0.1746,34.9163,60.78,75,92,3.27,overcast clouds,0.0,0
310,formiga,BR,2022-07-05 04:04:50,-20.4644,-45.4264,55.51,60,0,5.03,clear sky,0.0,0
311,ostrovnoy,RU,2022-07-05 04:04:51,68.0531,39.5131,52.83,91,94,4.85,overcast clouds,0.0,0
312,viedma,AR,2022-07-05 04:04:51,-40.8135,-62.9967,42.06,49,27,12.73,scattered clouds,0.0,0
313,shirgaon,IN,2022-07-05 04:04:52,19.7,72.7,81.16,87,100,14.52,overcast clouds,0.0,0
314,middlebury,US,2022-07-05 04:01:39,44.0153,-73.1673,64.49,83,0,0.0,clear sky,0.0,0
315,deputatskiy,RU,2022-07-05 04:04:52,69.3,139.9,75.54,30,55,28.39,broken clouds,0.0,0
316,mareeba,AU,2022-07-05 04:04:53,-17.0,145.4333,63.45,96,96,2.46,light rain,0.0,0
317,igrim,RU,2022-07-05 04:04:53,63.1906,64.4162,61.27,45,88,4.34,overcast clouds,0.0,0
318,sivas,TR,2022-07-05 04:04:54,39.7916,37.0019,52.43,76,0,4.61,clear sky,0.0,0
319,torbay,CA,2022-07-05 04:00:09,47.6666,-52.7314,56.57,77,0,3.0,clear sky,0.0,0
320,itarema,BR,2022-07-05 04:04:54,-2.9248,-39.9167,73.83,90,43,8.14,scattered clouds,0.0,0
321,kirakira,SB,2022-07-05 04:04:55,-10.4544,161.9205,83.32,75,63,9.04,broken clouds,0.0,0
322,mogocha,RU,2022-07-05 04:04:55,53.7333,119.7667,78.57,67,100,8.32,light rain,0.0,0
323,rantauprapat,ID,2022-07-05 04:04:56,2.1,99.8333,90.45,51,72,3.15,broken clouds,0.0,0
324,nanticoke,US,2022-07-05 04:04:56,41.2054,-76.0049,71.73,89,97,2.86,overcast clouds,0.0,0
325,mezen,RU,2022-07-05 04:04:57,65.8522,44.24,72.07,62,68,3.56,broken clouds,0.0,0
326,praia da vitoria,PT,2022-07-05 04:04:57,38.7333,-27.0667,64.76,75,100,8.93,overcast clouds,0.0,0
327,euclides da cunha,BR,2022-07-05 04:04:57,-10.5075,-39.0158,64.42,97,83,4.61,broken clouds,0.0,0
328,mountain home,US,2022-07-05 04:04:58,43.133,-115.6912,74.68,27,0,13.8,clear sky,0.0,0
329,el alto,PE,2022-07-05 04:04:58,-4.2714,-81.2147,61.7,84,78,15.21,broken clouds,0.0,0
330,northam,GB,2022-07-05 04:04:59,51.0333,-4.2167,55.62,88,80,11.1,broken clouds,0.0,0
331,rocha,UY,2022-07-05 04:01:26,-34.4833,-54.3333,53.1,98,67,6.87,broken clouds,0.0,0
332,kieta,PG,2022-07-05 04:04:59,-6.2167,155.6333,85.15,67,92,4.81,overcast clouds,0.0,0
333,flagstaff,US,2022-07-05 04:02:13,35.1981,-111.6513,73.06,46,75,8.05,broken clouds,0.0,0
334,martin,US,2022-07-05 04:05:00,27.0837,-80.4164,83.93,88,7,7.0,clear sky,0.0,0
335,pokhara,NP,2022-07-05 04:03:02,28.2333,83.9833,82.54,77,44,4.32,scattered clouds,0.0,0
336,flinders,AU,2022-07-05 04:05:01,-34.5833,150.8552,57.18,88,100,1.99,light rain,0.0,0
337,bernburg,DE,2022-07-05 04:05:01,51.8,11.7333,58.91,81,5,5.64,clear sky,0.0,0
338,lashio,MM,2022-07-05 04:05:01,22.9333,97.75,78.28,79,100,3.0,heavy intensity rain,0.0,0
339,fukue,JP,2022-07-05 04:05:02,32.6881,128.8419,78.48,90,92,10.6,overcast clouds,0.0,0
340,aden,YE,2022-07-05 04:00:24,12.7794,45.0367,85.14,77,74,11.41,broken clouds,0.0,0
341,khash,IR,2022-07-05 04:05:03,28.2211,61.2158,82.36,23,97,7.63,overcast clouds,0.0,0
342,zaysan,KZ,2022-07-05 04:05:03,47.4667,84.8667,66.7,74,100,11.1,moderate rain,0.0,0
343,tuatapere,NZ,2022-07-05 04:05:04,-46.1333,167.6833,50.25,73,57,12.59,broken clouds,0.0,0
344,alta floresta,BR,2022-07-05 04:05:04,-9.8756,-56.0861,67.64,50,4,4.47,clear sky,0.0,0
345,taltal,CL,2022-07-05 04:05:05,-25.4,-70.4833,59.92,62,37,4.16,scattered clouds,0.0,0
346,rock sound,BS,2022-07-05 04:05:05,24.9,-76.2,81.97,77,3,15.73,clear sky,0.0,0
347,kenora,CA,2022-07-05 04:00:07,49.8167,-94.4337,62.78,100,99,5.99,overcast clouds,0.0,0
348,kloulklubed,PW,2022-07-05 04:05:06,7.0419,134.2556,82.9,84,97,8.39,overcast clouds,0.0,0
349,huarmey,PE,2022-07-05 04:05:07,-10.0681,-78.1522,61.74,86,46,7.56,scattered clouds,0.0,0
350,narsaq,GL,2022-07-05 04:05:07,60.9167,-46.05,46.62,90,93,6.13,overcast clouds,0.0,0
351,pabrade,LT,2022-07-05 04:05:08,55.0,25.7833,64.26,92,4,4.47,clear sky,0.0,0
352,klaksvik,FO,2022-07-05 04:05:08,62.2266,-6.589,47.32,77,58,15.84,broken clouds,0.0,0
353,chaohu,CN,2022-07-05 04:05:09,31.6,117.8667,85.21,81,95,4.07,overcast clouds,0.0,0
354,ringkobing,DK,2022-07-05 04:05:09,56.0901,8.244,55.02,74,54,17.49,broken clouds,0.0,0
355,baykit,RU,2022-07-05 04:05:10,61.67,96.37,68.0,46,26,5.23,scattered clouds,0.0,0
356,arecibo,PR,2022-07-05 04:05:10,18.4724,-66.7157,79.97,90,100,11.83,overcast clouds,0.0,0
357,bereznik,RU,2022-07-05 04:05:11,62.8551,42.7072,70.43,57,96,3.76,overcast clouds,0.0,0
358,hun,LY,2022-07-05 04:05:11,29.1268,15.9477,74.97,74,0,6.17,clear sky,0.0,0
359,arraial do cabo,BR,2022-07-05 04:05:11,-22.9661,-42.0278,70.0,91,0,24.02,clear sky,0.0,0
360,umm lajj,SA,2022-07-05 04:05:12,25.0213,37.2685,85.5,52,29,3.91,scattered clouds,0.0,0
361,qaanaaq,GL,2022-07-05 04:05:12,77.484,-69.3632,41.29,69,5,2.73,clear sky,0.0,0
362,tiznit,MA,2022-07-05 04:05:13,29.5833,-9.5,71.8,52,22,1.36,few clouds,0.0,0
363,egvekinot,RU,2022-07-05 04:05:13,66.3167,-179.1667,45.18,79,95,5.19,overcast clouds,0.0,0
364,zabaykalsk,RU,2022-07-05 04:05:14,49.6333,117.3167,80.96,46,60,10.67,broken clouds,0.0,0
365,dandong,CN,2022-07-05 04:00:23,40.1292,124.3947,85.24,68,4,4.56,clear sky,0.0,0
366,iquitos,PE,2022-07-05 04:05:14,-3.7481,-73.2472,73.44,100,75,3.44,broken clouds,0.0,0
367,mehran,IR,2022-07-05 04:05:15,33.1222,46.1646,95.97,18,0,4.23,clear sky,0.0,0
368,ankang,CN,2022-07-05 04:05:15,32.68,109.0172,94.53,47,3,2.95,clear sky,0.0,0
369,sint-gillis-waas,BE,2022-07-05 04:05:15,51.228,4.1206,58.01,92,13,1.01,few clouds,0.0,0
370,concordia,AR,2022-07-05 04:05:16,-31.393,-58.0209,53.78,95,94,8.99,overcast clouds,0.0,0
371,fort nelson,CA,2022-07-05 04:05:16,58.8053,-122.7002,69.1,39,38,7.78,scattered clouds,0.0,0
372,rosarito,MX,2022-07-05 04:05:17,32.3333,-117.0333,65.41,77,39,5.77,scattered clouds,0.0,0
373,lavumisa,SZ,2022-07-05 04:05:17,-27.31,31.892,57.09,90,0,2.35,clear sky,0.0,0
374,grafton,US,2022-07-05 04:05:18,42.207,-71.6856,68.02,71,100,4.25,overcast clouds,0.0,0
375,lamu,KE,2022-07-05 04:05:18,-2.2717,40.902,73.62,79,28,15.64,scattered clouds,0.0,0
376,adrar,MR,2022-07-05 04:05:19,20.5022,-10.0711,89.78,19,10,1.77,clear sky,0.0,0
377,vostok,RU,2022-07-05 04:05:19,46.4856,135.8833,77.29,69,98,1.86,overcast clouds,0.0,0
378,mbanza-ngungu,CD,2022-07-05 04:05:19,-5.25,14.8667,59.45,87,0,4.12,clear sky,0.0,0
379,camacari,BR,2022-07-05 04:00:25,-12.6975,-38.3242,71.29,88,42,8.63,light rain,0.0,0
380,acapulco,MX,2022-07-05 04:03:07,16.8634,-99.8901,78.62,89,100,11.5,overcast clouds,0.0,0
381,noumea,NC,2022-07-05 04:05:20,-22.2763,166.4572,84.18,99,100,6.87,overcast clouds,0.0,0
382,kysyl-syr,RU,2022-07-05 04:05:21,63.8986,122.7617,67.32,73,100,2.24,overcast clouds,0.0,0
383,torit,SS,2022-07-05 04:05:21,4.4133,32.5678,67.87,77,23,3.0,few clouds,0.0,0
384,temerloh,MY,2022-07-05 04:05:22,3.4483,102.4176,84.51,71,96,0.58,overcast clouds,0.0,0
385,eureka,US,2022-07-05 04:05:22,40.8021,-124.1637,65.75,82,100,1.01,overcast clouds,0.0,0
386,billings,US,2022-07-05 04:05:23,45.7833,-108.5007,73.67,74,20,8.05,few clouds,0.0,0
387,santa maria,BR,2022-07-05 04:05:23,-29.6842,-53.8069,65.7,82,94,5.28,overcast clouds,0.0,0
388,bida,NG,2022-07-05 04:05:24,9.0833,6.0167,73.22,96,100,1.66,moderate rain,0.0,0
389,asfi,MA,2022-07-05 04:05:24,32.2994,-9.2372,67.03,88,2,13.47,clear sky,0.0,0
390,portland,US,2022-07-05 04:03:03,45.5234,-122.6762,73.35,56,20,5.75,few clouds,0.0,0
391,rio gallegos,AR,2022-07-05 04:01:52,-51.6226,-69.2181,32.31,78,100,7.67,overcast clouds,0.0,0
392,rawah,IQ,2022-07-05 04:05:25,34.4816,41.9093,86.09,20,0,12.97,clear sky,0.0,0
393,nabire,ID,2022-07-05 04:05:25,-3.3667,135.4833,85.59,66,100,4.34,overcast clouds,0.0,0
394,gamba,GA,2022-07-05 04:05:26,-2.65,10.0,68.23,92,18,4.61,few clouds,0.0,0
395,dingle,PH,2022-07-05 04:05:26,10.9995,122.6711,83.03,78,82,7.27,light rain,0.0,0
396,faya,SA,2022-07-05 04:05:27,18.3851,42.4509,68.52,38,3,6.17,clear sky,0.0,0
397,puerto el triunfo,SV,2022-07-05 04:05:27,13.2833,-88.55,78.37,87,100,7.09,overcast clouds,0.0,0
398,mercedes,AR,2022-07-05 04:05:28,-34.6515,-59.4307,43.63,96,1,5.68,clear sky,0.0,0
399,batemans bay,AU,2022-07-05 04:05:28,-35.7167,150.1833,56.1,66,100,12.03,overcast clouds,0.0,0
400,quatre cocos,MU,2022-07-05 04:05:28,-20.2078,57.7625,71.1,74,96,16.33,light rain,0.0,0
401,norfolk,US,2022-07-05 04:05:29,42.1668,-71.2495,70.59,73,100,3.76,overcast clouds,0.0,0
402,itacare,BR,2022-07-05 04:05:29,-14.2775,-38.9967,70.95,86,4,7.81,clear sky,0.0,0
403,mackay,AU,2022-07-05 04:05:30,-21.15,149.2,56.68,94,100,7.92,light rain,0.0,0
404,maldonado,UY,2022-07-05 04:05:30,-34.6667,-54.9167,51.22,98,97,9.22,overcast clouds,0.0,0
405,yaan,NG,2022-07-05 04:05:31,7.3833,8.5667,70.21,97,94,4.79,overcast clouds,0.0,0
406,gallup,US,2022-07-05 04:04:46,35.5281,-108.7426,66.96,66,0,0.0,clear sky,0.0,0
407,mandera,KE,2022-07-05 04:05:31,3.9366,41.867,73.74,67,38,16.28,scattered clouds,0.0,0
408,buala,SB,2022-07-05 04:05:32,-8.145,159.5921,85.01,69,92,9.6,overcast clouds,0.0,0
409,marawi,PH,2022-07-05 04:05:32,7.9986,124.2928,77.95,80,95,2.1,overcast clouds,0.0,0
410,nizwa,OM,2022-07-05 04:05:33,22.9333,57.5333,90.61,51,100,4.88,overcast clouds,0.0,0
411,hot springs,US,2022-07-05 04:02:16,34.5037,-93.0552,83.55,75,3,1.36,clear sky,0.0,0
412,hofn,IS,2022-07-05 04:05:33,64.2539,-15.2082,50.68,67,9,7.49,clear sky,0.0,0
413,trabzon,TR,2022-07-05 04:05:34,40.9167,39.8333,64.49,78,40,1.14,scattered clouds,0.0,0
414,bandrele,YT,2022-07-05 04:05:34,-12.9067,45.1914,69.55,94,0,12.46,clear sky,0.0,0
415,bayan,CN,2022-07-05 04:05:35,46.0833,127.4,84.42,63,79,6.96,broken clouds,0.0,0
416,evensk,RU,2022-07-05 04:05:35,61.95,159.2333,58.26,70,49,9.71,scattered clouds,0.0,0
417,yulara,AU,2022-07-05 04:05:35,-25.2406,130.9889,58.37,24,0,10.89,clear sky,0.0,0
418,sendafa,ET,2022-07-05 04:05:36,9.15,39.0333,52.77,86,97,6.73,overcast clouds,0.0,0
419,port-gentil,GA,2022-07-05 04:05:36,-0.7193,8.7815,73.2,79,42,14.9,scattered clouds,0.0,0
420,mangrol,IN,2022-07-05 04:05:37,21.1167,70.1167,82.18,87,100,16.84,light rain,0.0,0
421,kedrovyy,RU,2022-07-05 04:05:37,56.1667,91.8167,68.41,45,1,6.85,clear sky,0.0,0
422,half moon bay,US,2022-07-05 04:05:37,37.4636,-122.4286,70.88,83,100,10.36,overcast clouds,0.0,0
423,benghazi,LY,2022-07-05 04:05:38,32.1167,20.0667,77.4,60,0,7.83,clear sky,0.0,0
424,birjand,IR,2022-07-05 04:05:38,32.8663,59.2211,74.19,27,54,7.94,broken clouds,0.0,0
425,kingori,TZ,2022-07-05 04:05:39,-3.2833,36.9833,57.18,91,74,4.74,broken clouds,0.0,0
426,katete,UG,2022-07-05 04:05:39,-0.7818,29.7544,57.43,59,18,3.06,few clouds,0.0,0
427,porto velho,BR,2022-07-05 04:04:57,-8.7619,-63.9039,77.05,83,0,0.0,clear sky,0.0,0
428,bria,CF,2022-07-05 04:05:40,6.5423,21.9863,66.76,95,100,2.71,light rain,0.0,0
429,boddam,GB,2022-07-05 04:05:40,57.4667,-1.7833,52.18,81,88,16.31,overcast clouds,0.0,0
430,margate,GB,2022-07-05 04:05:41,51.3813,1.3862,58.69,68,52,3.0,broken clouds,0.0,0
431,chernyshevskiy,RU,2022-07-05 04:05:41,63.0128,112.4714,71.71,43,100,1.5,overcast clouds,0.0,0
432,linqing,CN,2022-07-05 04:05:41,36.8456,115.7117,83.75,74,100,11.36,overcast clouds,0.0,0
433,tautira,PF,2022-07-05 04:05:42,-17.7333,-149.15,77.81,79,51,15.66,light rain,0.0,0
434,leningradskiy,RU,2022-07-05 04:05:42,69.3833,178.4167,50.2,66,34,8.1,scattered clouds,0.0,0
435,berlevag,NO,2022-07-05 04:05:43,70.8578,29.0864,55.2,93,75,18.41,broken clouds,0.0,0
436,petropavlovsk-kamchatskiy,RU,2022-07-05 04:03:36,53.0452,158.6483,57.79,94,75,11.18,light rain,0.0,0
437,brito,PT,2022-07-05 04:05:43,41.4582,-8.361,67.69,88,0,2.68,clear sky,0.0,0
438,killin,US,2022-07-05 04:05:44,33.6123,-91.7412,82.09,88,0,0.0,clear sky,0.0,0
439,vila,PT,2022-07-05 04:05:44,42.0304,-8.1588,54.48,89,4,4.79,clear sky,0.0,0
440,north bend,US,2022-07-05 04:05:45,43.4065,-124.2243,63.25,91,100,0.0,overcast clouds,0.0,0
441,krasnogorodsk,RU,2022-07-05 04:05:45,56.8357,28.2822,63.27,93,25,5.35,scattered clouds,0.0,0
442,jiuquan,CN,2022-07-05 04:05:46,39.7432,98.5174,86.92,12,0,3.89,clear sky,0.0,0
443,toumodi,CI,2022-07-05 04:05:46,6.5613,-5.0158,68.22,99,84,3.83,broken clouds,0.0,0
444,poopo,BO,2022-07-05 04:05:46,-18.3667,-66.9667,42.17,28,99,0.69,overcast clouds,0.0,0
445,gwanda,ZW,2022-07-05 04:05:47,-20.9333,29.0,53.6,75,0,4.25,clear sky,0.0,0
446,rabaul,PG,2022-07-05 04:05:47,-4.1967,152.1721,83.39,69,100,4.29,overcast clouds,0.0,0
447,nampa,US,2022-07-05 04:05:48,43.5407,-116.5635,75.31,41,0,5.75,clear sky,0.0,0
448,pavlodar,KZ,2022-07-05 04:05:48,52.3,76.95,71.4,56,40,11.18,scattered clouds,0.0,0
449,te anau,NZ,2022-07-05 04:05:49,-45.4167,167.7167,48.0,73,72,8.03,broken clouds,0.0,0
450,san juan de flores,HN,2022-07-05 04:02:12,14.2667,-87.0333,73.98,94,100,3.62,overcast clouds,0.0,0
451,puerto madryn,AR,2022-07-05 04:05:49,-42.7692,-65.0385,49.1,45,100,28.12,overcast clouds,0.0,0
452,xiuyan,CN,2022-07-05 04:05:50,40.2928,123.2744,83.5,72,58,5.53,broken clouds,0.0,0
453,fort-shevchenko,KZ,2022-07-05 04:05:50,44.5086,50.263,75.15,73,13,13.4,few clouds,0.0,0
454,laurinburg,US,2022-07-05 04:05:51,34.7741,-79.4628,78.87,91,0,4.61,clear sky,0.0,0
455,bandarbeyla,SO,2022-07-05 04:05:51,9.4942,50.8122,81.12,59,53,31.0,broken clouds,0.0,0
456,kismayo,SO,2022-07-05 04:05:51,-0.3582,42.5454,76.69,77,51,18.37,broken clouds,0.0,0
457,kyra,RU,2022-07-05 04:05:52,49.5776,111.9753,72.57,54,100,1.77,overcast clouds,0.0,0
458,magadi,IN,2022-07-05 04:05:52,12.9667,77.2333,69.96,97,100,7.4,overcast clouds,0.0,0
459,lufilufi,WS,2022-07-05 04:05:53,-13.8745,-171.5986,85.78,74,11,11.59,light rain,0.0,0
460,nowa ruda,PL,2022-07-05 04:05:53,50.5801,16.5016,62.42,89,78,2.24,broken clouds,0.0,0
461,kristiansund,NO,2022-07-05 04:05:54,63.1115,7.732,51.85,93,75,2.3,broken clouds,0.0,0
462,aripuana,BR,2022-07-05 04:05:54,-9.1667,-60.6333,75.61,57,54,2.1,broken clouds,0.0,0
463,vila velha,BR,2022-07-05 04:05:54,-20.3297,-40.2925,69.75,96,75,2.3,broken clouds,0.0,0
464,hami,CN,2022-07-05 04:05:55,42.8,93.45,94.1,10,2,5.32,clear sky,0.0,0
465,kurchum,KZ,2022-07-05 04:05:55,48.5722,83.6542,69.48,53,100,9.28,light rain,0.0,0
466,omemee,CA,2022-07-05 04:02:05,44.299,-78.5599,65.88,71,100,4.52,overcast clouds,0.0,0
467,kutum,SD,2022-07-05 04:05:56,14.2,24.6667,74.48,62,95,5.64,overcast clouds,0.0,0
468,north platte,US,2022-07-05 04:05:56,41.1239,-100.7654,76.89,78,0,4.61,clear sky,0.0,0
469,cervo,ES,2022-07-05 04:05:57,43.6702,-7.4101,61.97,90,100,18.1,overcast clouds,0.0,0
470,jalu,LY,2022-07-05 04:05:57,29.0331,21.5482,76.57,30,0,7.14,clear sky,0.0,0
471,camana,PE,2022-07-05 04:05:58,-16.6228,-72.7111,60.4,87,99,7.14,overcast clouds,0.0,0
472,chipinge,ZW,2022-07-05 04:05:58,-20.1883,32.6236,49.24,94,0,2.26,clear sky,0.0,0
473,druzhba,UA,2022-07-05 04:05:58,52.0428,33.9453,68.05,77,2,3.33,clear sky,0.0,0
474,makaha,US,2022-07-05 04:05:59,21.4694,-158.2175,82.31,69,100,10.36,overcast clouds,0.0,0
475,coihaique,CL,2022-07-05 04:02:14,-45.5752,-72.0662,33.75,93,40,6.91,mist,0.0,0
476,mayo,US,2022-07-05 04:05:59,38.8876,-76.5119,75.49,82,0,0.0,clear sky,0.0,0
477,tirumullaivasal,IN,2022-07-05 04:06:00,11.2333,79.8333,86.05,61,100,11.61,overcast clouds,0.0,0
478,motygino,RU,2022-07-05 04:06:00,58.1831,94.7592,73.85,45,4,1.63,clear sky,0.0,0
479,la ronge,CA,2022-07-05 04:06:01,55.1001,-105.2842,53.67,70,35,6.46,scattered clouds,0.0,0
480,lakatoro,VU,2022-07-05 04:06:01,-16.0999,167.4164,80.91,79,92,18.21,overcast clouds,0.0,0
481,pedasi,PA,2022-07-05 04:06:02,7.5333,-80.0333,77.07,86,100,4.45,overcast clouds,0.0,0
482,rapid valley,US,2022-07-05 04:06:02,44.0625,-103.1463,75.45,77,20,12.66,few clouds,0.0,0
483,luderitz,NA,2022-07-05 04:06:03,-26.6481,15.1594,52.16,83,0,6.24,clear sky,0.0,0
484,pasni,PK,2022-07-05 04:06:03,25.2631,63.471,85.69,76,100,3.22,overcast clouds,0.0,0
485,aguimes,ES,2022-07-05 04:06:04,27.9054,-15.4461,66.83,73,75,23.02,broken clouds,0.0,0
486,avera,US,2022-07-05 04:06:04,33.194,-82.5271,76.55,82,82,7.56,broken clouds,0.0,0
487,rome,US,2022-07-05 04:05:04,34.257,-85.1647,80.64,86,75,8.05,broken clouds,0.0,0
488,boyolangu,ID,2022-07-05 04:06:05,-8.1181,111.8935,84.74,72,61,5.26,light rain,0.0,0
489,shakawe,BW,2022-07-05 04:06:06,-18.3667,21.85,54.05,58,30,4.34,scattered clouds,0.0,0
490,isangel,VU,2022-07-05 04:06:06,-19.55,169.2667,80.71,74,40,14.97,scattered clouds,0.0,0
491,gaya,IN,2022-07-05 04:06:06,24.7833,85.0,97.18,43,15,9.19,few clouds,0.0,0
492,tamworth,GB,2022-07-05 04:06:07,52.634,-1.6959,55.47,84,82,4.0,broken clouds,0.0,0
493,rawson,AR,2022-07-05 04:06:07,-43.3002,-65.1023,48.36,46,96,26.06,overcast clouds,0.0,0
494,calbuco,CL,2022-07-05 04:04:18,-41.768,-73.1273,45.61,82,100,19.64,moderate rain,0.0,0
495,songjianghe,CN,2022-07-05 04:06:08,42.1859,127.479,85.03,43,74,4.05,broken clouds,0.0,0
496,chardara,KZ,2022-07-05 04:06:08,41.2547,67.9692,74.41,40,88,2.46,overcast clouds,0.0,0
497,saint-pierre,RE,2022-07-05 04:06:09,-21.3393,55.4781,67.91,68,0,10.36,clear sky,0.0,0
498,chamalieres,FR,2022-07-05 04:06:09,45.7756,3.0631,56.12,94,0,2.17,clear sky,0.0,0
499,ulagan,RU,2022-07-05 04:06:10,50.6321,87.9563,73.92,27,84,1.7,broken clouds,0.0,0
500,abu samrah,SY,2022-07-05 04:06:10,35.3029,37.1841,74.82,49,0,8.21,clear sky,0.0,0
501,milkovo,RU,2022-07-05 04:06:11,54.7167,158.6167,60.15,74,100,4.09,overcast clouds,0.0,0
502,gornopravdinsk,RU,2022-07-05 04:06:11,60.05,69.9,58.23,51,57,10.31,broken clouds,0.0,0
503,shimanovsk,RU,2022-07-05 04:06:12,52.0,127.7,88.25,43,2,9.26,clear sky,0.0,0
504,shubarshi,KZ,2022-07-05 04:06:13,48.5872,57.1869,66.42,60,49,6.29,scattered clouds,0.0,0
505,sohag,EG,2022-07-05 04:06:13,26.557,31.6948,86.25,25,0,3.91,clear sky,0.0,0
506,lata,PT,2022-07-05 04:06:14,40.1629,-8.3327,63.81,93,0,0.72,clear sky,0.0,0
507,tello,CO,2022-07-05 04:06:14,3.0669,-75.1378,70.12,79,67,3.33,broken clouds,0.0,0
508,gat,IL,2022-07-05 04:06:14,31.61,34.7642,80.4,71,0,3.51,clear sky,0.0,0
509,leh,IN,2022-07-05 04:06:15,34.1667,77.5833,70.7,38,86,4.38,overcast clouds,0.0,0
510,cururupu,BR,2022-07-05 04:06:15,-1.8283,-44.8683,72.7,93,37,2.24,scattered clouds,0.0,0
511,hamilton,US,2022-07-05 04:05:28,39.1834,-84.5333,80.44,69,0,4.61,clear sky,0.0,0
512,valparaiso,CL,2022-07-05 04:02:51,-33.0393,-71.6273,52.48,77,0,9.64,clear sky,0.0,0
513,hope,US,2022-07-05 04:01:56,33.6671,-93.5916,87.85,65,13,5.48,few clouds,0.0,0
514,opuwo,NA,2022-07-05 04:06:16,-18.0607,13.84,55.6,45,0,5.23,clear sky,0.0,0
515,guarapari,BR,2022-07-05 04:06:17,-20.6667,-40.4975,67.89,89,2,6.29,clear sky,0.0,0
516,wenling,CN,2022-07-05 04:06:17,28.3669,121.36,84.72,80,95,21.34,overcast clouds,0.0,0
517,inuvik,CA,2022-07-05 04:06:18,68.3499,-133.7218,82.17,40,19,11.18,few clouds,0.0,0
518,tura,IN,2022-07-05 04:01:24,25.5198,90.2201,87.4,66,99,2.51,overcast clouds,0.0,0
519,suamico,US,2022-07-05 04:06:18,44.6319,-88.0393,70.88,93,98,5.79,overcast clouds,0.0,0
520,milpitas,US,2022-07-05 04:06:17,37.4283,-121.9066,71.98,72,75,12.66,broken clouds,0.0,0
521,palmer,US,2022-07-05 04:06:19,42.1584,-72.3287,67.37,77,0,0.0,clear sky,0.0,0
522,vao,NC,2022-07-05 04:06:19,-22.6667,167.4833,74.84,76,100,16.55,overcast clouds,0.0,0
523,stornoway,GB,2022-07-05 04:06:20,58.2093,-6.3865,49.93,92,40,2.3,scattered clouds,0.0,0
524,sao joao da barra,BR,2022-07-05 04:06:20,-21.6403,-41.0511,69.35,91,0,13.33,clear sky,0.0,0
525,westport,US,2022-07-05 04:02:13,41.1415,-73.3579,73.22,64,0,4.61,clear sky,0.0,0
526,itaituba,BR,2022-07-05 04:02:58,-4.2761,-55.9836,75.11,89,99,2.13,overcast clouds,0.0,0
527,yangjiang,CN,2022-07-05 04:06:21,21.85,111.9667,86.5,77,97,9.35,heavy intensity rain,0.0,0
528,bogorodskoye,RU,2022-07-05 04:06:22,56.55,37.8833,68.14,69,56,4.92,broken clouds,0.0,0
529,bjelovar,HR,2022-07-05 04:06:22,45.8986,16.8489,63.16,91,5,6.24,light rain,0.0,0
530,ampanihy,MG,2022-07-05 04:06:23,-24.7,44.75,57.34,79,0,1.74,clear sky,0.0,0
531,komsomolskiy,UZ,2022-07-05 04:06:23,40.4272,71.7189,81.32,14,1,23.02,clear sky,0.0,0
532,victoria point,AU,2022-07-05 04:06:23,-27.5833,153.3,58.95,97,100,1.99,light rain,0.0,0
533,grado,ES,2022-07-05 04:06:24,43.388,-6.0743,61.5,97,100,5.75,mist,0.0,0
534,raymondville,US,2022-07-05 04:06:24,26.4815,-97.7831,83.08,78,0,12.84,clear sky,0.0,0
535,sorland,NO,2022-07-05 04:06:25,67.667,12.6934,55.26,94,99,11.88,overcast clouds,0.0,0
536,nadvoitsy,RU,2022-07-05 04:06:25,63.8667,34.3167,65.75,84,65,7.56,broken clouds,0.0,0
537,oum hadjer,TD,2022-07-05 04:06:25,13.2954,19.6966,83.28,55,99,6.2,overcast clouds,0.0,0
538,kahului,US,2022-07-05 04:04:12,20.8947,-156.47,78.82,78,40,21.85,light rain,0.0,0
539,soledade,BR,2022-07-05 04:06:26,-28.8183,-52.5103,58.91,83,1,6.13,clear sky,0.0,0
540,bayangol,RU,2022-07-05 04:06:27,50.6977,103.4656,57.96,69,100,0.92,light rain,0.0,0
541,balfour,ZA,2022-07-05 04:06:27,-26.6633,28.5902,43.75,64,0,1.83,clear sky,0.0,0
542,kuldiga,LV,2022-07-05 04:06:28,56.974,21.9572,65.89,91,35,8.03,scattered clouds,0.0,0
543,vanavara,RU,2022-07-05 04:06:28,60.34,102.2797,69.4,50,100,2.37,overcast clouds,0.0,0
544,safaga,EG,2022-07-05 04:06:29,26.7292,33.9365,87.37,39,0,6.49,clear sky,0.0,0
545,dharchula,IN,2022-07-05 04:06:29,29.85,80.5333,78.94,90,99,1.63,overcast clouds,0.0,0
546,cookeville,US,2022-07-05 04:01:55,36.1628,-85.5016,79.59,93,0,0.0,clear sky,0.0,0
547,pathein,MM,2022-07-05 04:06:30,16.7833,94.7333,84.38,75,100,8.19,overcast clouds,0.0,0
548,iskateley,RU,2022-07-05 04:06:30,67.6803,53.1512,60.08,65,85,10.4,overcast clouds,0.0,0
549,the pas,CA,2022-07-05 04:06:31,53.8251,-101.2541,55.81,62,95,7.45,overcast clouds,0.0,0
550,mabaruma,GY,2022-07-05 04:06:31,8.2,-59.7833,73.35,95,97,2.44,overcast clouds,0.0,0
551,abong mbang,CM,2022-07-05 04:06:31,3.9833,13.1833,66.31,99,99,1.99,light rain,0.0,0
552,ciudad bolivar,VE,2022-07-05 04:06:32,8.1222,-63.5497,78.28,80,44,10.22,scattered clouds,0.0,0
553,vangaindrano,MG,2022-07-05 04:06:32,-23.35,47.6,66.51,89,96,3.18,light rain,0.0,0
554,bonthe,SL,2022-07-05 04:06:33,7.5264,-12.505,75.88,80,79,6.2,broken clouds,0.0,0
555,riosucio,CO,2022-07-05 04:05:13,5.4216,-75.7032,57.27,98,96,1.19,overcast clouds,0.0,0
556,grindavik,IS,2022-07-05 04:06:33,63.8424,-22.4338,46.87,93,75,6.91,broken clouds,0.0,0
557,coxim,BR,2022-07-05 04:06:34,-18.5067,-54.76,66.88,35,6,4.68,clear sky,0.0,0
558,acajutla,SV,2022-07-05 04:06:35,13.5928,-89.8275,79.34,85,100,9.75,light rain,0.0,0
559,troitskoye,RU,2022-07-05 04:06:35,52.9821,84.6757,74.1,48,78,7.85,broken clouds,0.0,0
560,nagato,JP,2022-07-05 04:06:35,34.3833,131.2,79.74,86,97,2.04,overcast clouds,0.0,0
561,beidao,CN,2022-07-05 04:06:36,34.5686,105.8933,87.58,34,9,6.17,clear sky,0.0,0
562,khuzdar,PK,2022-07-05 04:06:36,27.7384,66.6434,81.41,63,100,4.5,overcast clouds,0.0,0
563,newport,GB,2022-07-05 04:06:37,51.5877,-2.9984,54.54,86,16,4.59,few clouds,0.0,0
564,solano,US,2022-07-05 04:06:37,38.2333,-121.9511,70.21,75,0,16.11,clear sky,0.0,0
565,berbera,SO,2022-07-05 04:06:38,10.4396,45.0143,89.28,41,69,28.92,broken clouds,0.0,0
566,bay-khaak,RU,2022-07-05 04:06:38,51.1667,94.5,76.69,24,39,4.79,scattered clouds,0.0,0
567,santa eulalia,PE,2022-07-05 04:06:39,-11.85,-76.6833,30.99,49,65,1.19,broken clouds,0.0,0
568,katobu,ID,2022-07-05 04:06:39,-4.9408,122.5276,84.52,68,53,2.68,broken clouds,0.0,0
569,nouadhibou,MR,2022-07-05 04:06:39,20.931,-17.0347,68.09,86,25,21.14,scattered clouds,0.0,0
570,kolokani,ML,2022-07-05 04:06:40,13.5728,-8.0339,77.56,73,82,10.33,broken clouds,0.0,0
571,neiafu,TO,2022-07-05 04:06:40,-18.65,-173.9833,75.88,78,75,11.5,broken clouds,0.0,0
572,puerto penasco,MX,2022-07-05 04:06:41,31.3167,-113.5333,83.91,63,0,10.0,clear sky,0.0,0
573,souillac,MU,2022-07-05 04:06:41,-20.5167,57.5167,70.09,75,94,15.43,light rain,0.0,0
574,bekhtery,UA,2022-07-05 04:06:41,46.251,32.2927,74.46,59,40,6.2,scattered clouds,0.0,0
575,yar-sale,RU,2022-07-05 04:06:42,66.8333,70.8333,48.97,84,100,16.17,overcast clouds,0.0,0
576,brae,GB,2022-07-05 04:06:42,60.3964,-1.353,50.02,80,100,17.05,overcast clouds,0.0,0
577,ulladulla,AU,2022-07-05 04:06:43,-35.35,150.4667,50.9,77,100,15.03,overcast clouds,0.0,0
578,danshui,CN,2022-07-05 04:06:43,22.7984,114.4672,83.43,78,100,10.89,moderate rain,0.0,0
579,kirkwall,GB,2022-07-05 04:06:44,58.9848,-2.9587,50.05,81,75,11.5,broken clouds,0.0,0
580,los llanos de aridane,ES,2022-07-05 04:06:44,28.6585,-17.9182,65.95,73,75,17.27,broken clouds,0.0,0
581,piltene,LV,2022-07-05 04:06:44,57.2243,21.6744,66.15,77,20,11.5,few clouds,0.0,0
582,uige,AO,2022-07-05 04:06:45,-7.6087,15.0613,57.52,64,0,2.57,clear sky,0.0,0
583,rafiganj,IN,2022-07-05 04:06:45,24.8167,84.65,97.3,42,7,8.9,clear sky,0.0,0
584,purranque,CL,2022-07-05 04:03:22,-40.9167,-73.1667,45.73,91,100,7.4,overcast clouds,0.0,0
585,tupik,RU,2022-07-05 04:06:46,54.4253,119.9327,79.45,62,100,9.37,overcast clouds,0.0,0
586,bone,DE,2022-07-05 04:06:46,51.9669,12.1396,58.82,79,6,5.35,clear sky,0.0,0
587,mount gambier,AU,2022-07-05 04:06:47,-37.8333,140.7667,59.5,52,19,8.3,few clouds,0.0,0
588,zhuanghe,CN,2022-07-05 04:06:47,39.7008,122.9911,79.61,75,4,7.54,clear sky,0.0,0
589,rockhampton,AU,2022-07-05 04:06:47,-23.3833,150.5,53.49,87,75,8.05,light rain,0.0,0
590,zehdenick,DE,2022-07-05 04:06:48,52.9785,13.3317,62.91,80,48,4.94,scattered clouds,0.0,0
591,carlsbad,US,2022-07-05 04:06:48,33.1581,-117.3506,68.09,82,0,4.61,clear sky,0.0,0
592,santa marta,CO,2022-07-05 04:06:49,11.2408,-74.199,78.85,83,20,5.75,few clouds,0.0,0
593,vostochnyy,RU,2022-07-05 04:06:49,55.8167,37.8667,71.89,59,8,5.5,clear sky,0.0,0
594,boende,CD,2022-07-05 04:06:49,-0.2167,20.8667,68.95,92,75,1.12,light rain,0.0,0
595,voh,NC,2022-07-05 04:06:50,-20.9667,164.7,81.97,64,48,7.61,scattered clouds,0.0,0
596,zakamensk,RU,2022-07-05 04:06:50,50.3741,103.2863,59.16,74,100,0.18,overcast clouds,0.0,0
597,lasa,IT,2022-07-05 04:06:51,46.6166,10.7002,54.36,89,87,5.06,overcast clouds,0.0,0
598,bakhtiyarpur,IN,2022-07-05 04:06:51,25.4667,85.5167,93.22,47,37,9.04,scattered clouds,0.0,0
599,kirgiz-miyaki,RU,2022-07-05 04:06:52,53.6324,54.7979,51.67,85,100,11.48,overcast clouds,0.0,0
600,chapleau,CA,2022-07-05 04:06:52,47.8405,-83.4034,59.31,99,100,4.07,light rain,0.0,0
601,nelson bay,AU,2022-07-05 04:06:52,-32.7167,152.15,63.1,98,100,21.0,light rain,0.0,0
602,machali,CL,2022-07-05 04:06:53,-34.1833,-70.6667,42.26,50,0,3.09,clear sky,0.0,0
603,le vauclin,MQ,2022-07-05 04:06:53,14.5452,-60.8388,82.85,83,20,2.3,few clouds,0.0,0
604,nortelandia,BR,2022-07-05 04:06:54,-14.4547,-56.8028,69.1,47,82,4.56,broken clouds,0.0,0
605,nuuk,GL,2022-07-05 04:06:54,64.1835,-51.7216,47.01,93,100,14.97,light rain,0.0,0
606,gerash,IR,2022-07-05 04:06:54,27.6652,54.1371,89.65,49,34,2.13,scattered clouds,0.0,0
607,camargo,MX,2022-07-05 04:06:55,27.6667,-105.1667,88.21,27,83,2.55,broken clouds,0.0,0
608,ketchikan,US,2022-07-05 04:06:55,55.3422,-131.6461,61.27,82,20,14.97,few clouds,0.0,0
609,santa cruz,BO,2022-07-05 04:06:56,-17.8,-63.1667,71.06,94,100,8.05,overcast clouds,0.0,0
610,sola,VU,2022-07-05 04:06:56,-13.8833,167.55,80.55,80,45,20.24,scattered clouds,0.0,0
611,tezu,IN,2022-07-05 04:06:57,27.9167,96.1667,92.03,62,18,3.24,few clouds,0.0,0
612,bowen,AU,2022-07-05 04:06:57,-20.0167,148.2333,56.23,93,100,9.24,moderate rain,0.0,0
613,oksfjord,NO,2022-07-05 04:06:58,70.2396,22.3479,62.78,73,100,9.37,overcast clouds,0.0,0
614,urucui,BR,2022-07-05 04:06:58,-7.2294,-44.5561,74.57,63,25,4.88,scattered clouds,0.0,0
615,kuusamo,FI,2022-07-05 04:06:59,65.9667,29.1833,66.24,68,41,3.44,scattered clouds,0.0,0
616,aktau,KZ,2022-07-05 04:06:59,43.65,51.2,72.18,68,87,18.07,overcast clouds,0.0,0
617,canico,PT,2022-07-05 04:06:59,32.6333,-16.85,68.0,81,75,9.22,broken clouds,0.0,0
618,moron,AR,2022-07-05 04:07:00,-34.6534,-58.6198,52.02,95,100,9.22,drizzle,0.0,0
619,tayu,ID,2022-07-05 04:07:00,-6.5397,111.0518,86.07,67,75,6.58,broken clouds,0.0,0
620,kodinsk,RU,2022-07-05 04:07:01,58.6881,99.1844,73.11,44,77,3.2,broken clouds,0.0,0
621,santa teresa,VE,2022-07-05 04:07:01,10.2341,-66.6631,71.62,99,48,1.48,scattered clouds,0.0,0
622,pilas,ES,2022-07-05 04:07:02,37.3034,-6.301,66.36,93,0,2.35,clear sky,0.0,0
623,kamalia,PK,2022-07-05 04:07:02,30.7333,72.65,100.72,39,1,5.41,clear sky,0.0,0
624,vrangel,RU,2022-07-05 04:07:02,42.7297,133.0839,67.23,82,72,15.5,broken clouds,0.0,0
625,lalmohan,BD,2022-07-05 04:07:03,22.3384,90.7419,85.5,78,48,17.81,scattered clouds,0.0,0
626,goure,NE,2022-07-05 04:07:03,13.9835,10.2704,79.02,53,16,10.92,few clouds,0.0,0
627,tsaritsani,GR,2022-07-05 04:07:04,39.8833,22.2333,58.8,40,0,2.15,clear sky,0.0,0
628,slave lake,CA,2022-07-05 04:05:45,55.2834,-114.769,55.65,91,92,5.12,overcast clouds,0.0,0
629,srednekolymsk,RU,2022-07-05 04:07:05,67.45,153.6833,79.93,34,100,13.04,overcast clouds,0.0,0
630,terra santa,BR,2022-07-05 04:07:05,-2.1042,-56.4869,76.1,86,82,2.86,broken clouds,0.0,0
631,puerto baquerizo moreno,EC,2022-07-05 04:07:06,-0.9,-89.6,70.38,79,63,11.63,broken clouds,0.0,0
632,svetlaya,RU,2022-07-05 04:07:06,46.5389,138.3297,62.58,85,92,8.46,overcast clouds,0.0,0
633,licheng,CN,2022-07-05 04:07:07,23.2955,113.8284,82.44,86,100,7.83,moderate rain,0.0,0
634,gatton,AU,2022-07-05 04:07:07,-27.55,152.2833,53.64,86,100,2.64,light rain,0.0,0
635,birao,CF,2022-07-05 04:07:08,10.2849,22.7882,73.29,72,100,2.08,overcast clouds,0.0,0
636,ranong,TH,2022-07-05 04:07:08,9.9658,98.6348,80.83,85,100,14.09,overcast clouds,0.0,0
637,vuktyl,RU,2022-07-05 04:07:09,63.8567,57.3094,58.86,55,93,3.4,overcast clouds,0.0,0
638,the valley,AI,2022-07-05 04:07:09,18.217,-63.0578,81.1,78,42,19.19,scattered clouds,0.0,0
639,sechura,PE,2022-07-05 04:07:10,-5.5569,-80.8222,63.84,79,36,10.71,scattered clouds,0.0,0
640,kropotkin,RU,2022-07-05 04:07:10,45.4375,40.5756,71.24,57,16,3.8,few clouds,0.0,0
641,trindade,BR,2022-07-05 04:04:15,-16.6494,-49.4889,58.75,45,3,5.59,clear sky,0.0,0
642,mahon,ES,2022-07-05 04:07:11,39.8885,4.2658,73.96,94,0,3.44,clear sky,0.0,0
643,goderich,CA,2022-07-05 04:07:11,43.7501,-81.7165,67.14,88,100,14.72,overcast clouds,0.0,0
644,mrakovo,RU,2022-07-05 04:07:12,52.7161,56.6244,56.07,63,98,7.45,overcast clouds,0.0,0
645,waipawa,NZ,2022-07-05 04:07:12,-41.4122,175.5153,50.22,80,100,11.16,overcast clouds,0.0,0
646,huanren,CN,2022-07-05 04:07:13,41.2647,125.3667,86.97,56,25,4.97,scattered clouds,0.0,0
647,knysna,ZA,2022-07-05 04:07:13,-34.0363,23.0471,53.44,61,0,3.18,clear sky,0.0,0
648,san isidro,PE,2022-07-05 04:07:14,-12.1167,-77.05,60.39,85,100,8.05,overcast clouds,0.0,0
649,tukrah,LY,2022-07-05 04:07:14,32.5341,20.5791,75.02,66,0,5.57,clear sky,0.0,0
650,murgab,TM,2022-07-05 04:07:14,37.4966,61.9714,82.87,24,0,8.05,clear sky,0.0,0
651,ulaanbaatar,MN,2022-07-05 04:04:10,47.9077,106.8832,66.33,48,40,6.71,scattered clouds,0.0,0
652,san vicente,AR,2022-07-05 04:07:15,-26.6167,-54.1333,61.39,76,100,3.49,overcast clouds,0.0,0
653,shakhta,RU,2022-07-05 04:07:16,59.0927,57.653,54.95,61,100,4.83,overcast clouds,0.0,0
654,karratha,AU,2022-07-05 04:07:16,-20.7377,116.8463,69.48,24,13,20.22,few clouds,0.0,0
655,trunovskoye,RU,2022-07-05 04:07:17,45.4878,42.1358,74.7,51,0,9.62,clear sky,0.0,0
656,riyadh,SA,2022-07-05 04:07:06,24.6877,46.7219,89.74,16,4,11.52,clear sky,0.0,0
657,moses lake,US,2022-07-05 04:07:17,47.1301,-119.2781,66.88,45,75,11.5,broken clouds,0.0,0
658,presidencia roque saenz pena,AR,2022-07-05 04:07:18,-26.7852,-60.4388,62.8,89,97,7.45,overcast clouds,0.0,0
659,ayan,RU,2022-07-05 04:07:18,56.45,138.1667,63.16,79,11,7.85,few clouds,0.0,0
660,labuhan,ID,2022-07-05 04:07:19,-6.8844,112.2051,86.23,69,69,5.84,broken clouds,0.0,0
661,brokopondo,SR,2022-07-05 04:07:19,4.75,-55.1667,76.68,81,93,5.39,very heavy rain,0.0,0
662,salinas,US,2022-07-05 04:06:45,36.6777,-121.6555,67.01,82,100,10.36,mist,0.0,0
663,ribeira brava,PT,2022-07-05 04:07:20,32.65,-17.0667,68.0,73,48,5.44,scattered clouds,0.0,0
664,yei,SS,2022-07-05 04:07:20,4.095,30.6779,63.19,89,16,2.39,few clouds,0.0,0
665,nichinan,JP,2022-07-05 04:07:21,31.6,131.3667,83.43,78,100,13.62,overcast clouds,0.0,0
666,jaen,ES,2022-07-05 04:07:21,38.0,-3.5,64.13,50,20,3.98,few clouds,0.0,0
667,morondava,MG,2022-07-05 04:07:22,-20.2833,44.2833,63.01,74,0,7.52,clear sky,0.0,0
668,port blair,IN,2022-07-05 04:06:52,11.6667,92.75,80.62,86,100,21.05,moderate rain,0.0,0
669,tankhoy,RU,2022-07-05 04:07:22,51.5528,105.1306,55.67,88,100,7.29,overcast clouds,0.0,0
670,antofagasta,CL,2022-07-05 04:07:23,-23.65,-70.4,56.48,71,100,6.55,overcast clouds,0.0,0
671,yerofey pavlovich,RU,2022-07-05 04:07:23,53.9667,121.9667,88.93,40,76,9.6,broken clouds,0.0,0
672,bilibino,RU,2022-07-05 04:07:24,68.0546,166.4372,63.73,46,85,7.47,overcast clouds,0.0,0
673,vicuna,CL,2022-07-05 04:07:24,-30.0319,-70.7081,42.53,39,51,2.17,broken clouds,0.0,0
674,pochutla,MX,2022-07-05 04:07:25,15.7432,-96.4661,78.82,93,94,3.6,overcast clouds,0.0,0
675,cap-aux-meules,CA,2022-07-05 04:07:25,47.3821,-61.8597,60.51,65,4,5.14,clear sky,0.0,0
676,galle,LK,2022-07-05 04:07:00,6.0367,80.217,79.66,86,100,17.18,overcast clouds,0.0,0
677,zhigansk,RU,2022-07-05 04:07:26,66.7697,123.3711,57.31,55,98,16.98,overcast clouds,0.0,0
678,nuevo progreso,MX,2022-07-05 04:07:26,23.1667,-97.95,81.54,69,3,5.3,clear sky,0.0,0
679,sarwar,IN,2022-07-05 04:07:27,26.0667,75.0,92.32,55,87,9.19,light rain,0.0,0
680,rio grande,BR,2022-07-05 04:07:27,-32.035,-52.0986,61.95,96,92,6.06,overcast clouds,0.0,0
681,bosaso,SO,2022-07-05 04:07:28,11.2842,49.1816,88.61,41,87,24.29,overcast clouds,0.0,0
682,altay,CN,2022-07-05 04:07:28,47.8667,88.1167,70.88,31,100,8.37,overcast clouds,0.0,0
683,mitu,CO,2022-07-05 04:07:28,1.1983,-70.1733,71.44,98,99,1.45,overcast clouds,0.0,0
684,san matias,BO,2022-07-05 04:07:29,-16.3667,-58.4,75.42,46,84,5.55,broken clouds,0.0,0
685,ancud,CL,2022-07-05 04:07:30,-41.8697,-73.8203,43.23,78,85,21.61,light rain,0.0,0
686,stribro,CZ,2022-07-05 04:07:30,49.7529,13.0041,62.85,100,100,2.73,overcast clouds,0.0,0
687,itupiranga,BR,2022-07-05 04:06:43,-5.1347,-49.3267,75.52,66,97,1.59,overcast clouds,0.0,0
688,comodoro rivadavia,AR,2022-07-05 04:07:25,-45.8667,-67.5,42.66,52,0,6.91,clear sky,0.0,0
689,clinton,US,2022-07-05 04:07:31,42.587,-82.9199,82.06,65,100,1.99,overcast clouds,0.0,0
690,eyrarbakki,IS,2022-07-05 04:07:31,63.863,-21.1481,45.21,80,55,3.87,broken clouds,0.0,0
691,idritsa,RU,2022-07-05 04:07:32,56.3316,28.8988,63.91,93,4,4.99,clear sky,0.0,0
692,namatanai,PG,2022-07-05 04:07:33,-3.6667,152.4333,84.54,71,100,9.71,light rain,0.0,0
693,aykhal,RU,2022-07-05 04:07:33,66.0,111.5,63.25,59,70,9.1,broken clouds,0.0,0
694,khudumelapye,BW,2022-07-05 04:07:33,-23.8833,24.75,51.67,51,0,6.85,clear sky,0.0,0
695,makakilo city,US,2022-07-05 04:04:11,21.3469,-158.0858,80.92,63,0,23.02,light rain,0.0,0
696,pimentel,PE,2022-07-05 04:07:34,-6.8367,-79.9342,62.46,85,48,10.36,scattered clouds,0.0,0
697,san pedro,PH,2022-07-05 04:05:02,14.35,121.0167,88.83,65,75,3.44,light rain,0.0,0
698,pombas,CV,2022-07-05 04:07:35,17.1503,-25.0201,70.56,81,59,11.1,broken clouds,0.0,0
699,mogadishu,SO,2022-07-05 04:07:35,2.0371,45.3438,76.64,81,100,18.7,light rain,0.0,0
700,honningsvag,NO,2022-07-05 04:07:35,70.9821,25.9704,60.55,77,0,9.22,clear sky,0.0,0
